1,JUAN, VÁZQUEZ, RAMOS,CERRO CHURINTZIO ,41,74479,Benito Juárez,04-Jan-2016,sverrillo0@linkedin.com,5537372269,/home/fotos/foto1420.jpg
2,LUZ, REYES, MONTERO,MACEDONIO ALCALA ,392,71513,Magdalena Contreras,04-Jan-2017,tvanderbrug1@sitemeter.com,5546458974,/home/fotos/foto3445.jpg
3,TEODOSIA, MARÍN, HERNÁNDEZ,ARRECIFE ,368,83308,Gustavo A. Madero,25-Jul-2018,fsonier2@123-reg.co.uk,5544516460,/home/fotos/foto9848.jpg
4,ESPERANZA, SOTO, ESTEBAN,BELLACO ,279,16963,Magdalena Contreras,19-Mar-2015,ndubbin3@merriam-webster.com,5562541652,/home/fotos/foto6799.jpg
5,RAIMUNDO, AGUILAR, VICENTE,PRIVADA LIMONES ,387,79095,Milpa Alta,26-Apr-2015,schatt4@ted.com,5586683816,/home/fotos/foto4594.jpg
6,ANNA, CORTÉS, MARTÍNEZ,INDUSTRIA MANUFACTURERA ,333,68402,Miguel Hidalgo,08-Aug-2016,tridsdale5@google.com,5530534541,/home/fotos/foto9909.jpg
7,BALDOMERO, CARRASCO, VIDAL,JUAN ZAIZAR ,336,40889,Gustavo A. Madero,06-Apr-2017,lwimlet6@nyu.edu,5592921018,/home/fotos/foto7239.jpg
8,LEONOR, GALLEGO, CANO,20 DE NOVIEMBRE ,145,69154,Cuauhtémoc,26-Dec-2017,rbruff7@cam.ac.uk,5508090806,/home/fotos/foto7750.jpg
9,ADÁN, SANTANA, DÍEZ,AV SANTA MARIA ,203,76121,Álvaro Obregón,11-Dec-2016,mpawelski8@list-manage.com,5527378463,/home/fotos/foto3344.jpg
10,NATALIA, MUÑOZ, CORTÉS,U. LOMAS DE PLATEROS ,471,86117,Magdalena Contreras,17-Jun-2015,hkenward9@ask.com,5525081318,/home/fotos/foto2449.jpg
11,AURELIO, MONTORO, GUERRERO,CERRO CHURINTZIO ,421,18071,Xochimilco,26-Jul-2016,cgarlica@ted.com,5510660122,/home/fotos/foto0831.jpg
12,FEDERICO, BLANCO, FERRER,RETORNO ELIAS F. HURTADO ,458,08313,Miguel Hidalgo,04-Jan-2017,jmackrellb@bluehost.com,5597923055,/home/fotos/foto7557.jpg
13,RICARDO, MORALES, DOMÍNGUEZ,ANANTLI ,181,49853,Coyoacán,16-Jun-2016,lbritianc@ucoz.com,5508318211,/home/fotos/foto2193.jpg
14,BENEDICTO, ÁLVAREZ, FERRER,ANDADOR ARCHIDONA ,347,36922,Venustiano Carranza,31-Jul-2015,hspearmand@arizona.edu,5511940097,/home/fotos/foto9088.jpg
15,CLAUDIA, NIETO, FUENTES,CDA. APETLATIPAC ,284,06635,Tlalpan,08-Aug-2015,plenoiree@mapy.cz,5513069116,/home/fotos/foto4116.jpg
16,ISIDRO, SERRANO, ESTEBAN,CALLE TABASCO ,384,15248,Álvaro Obregón,22-Jul-2016,htourryf@blogtalkradio.com,5561055194,/home/fotos/foto2499.jpg
17,EULALIA, PASCUAL, CASTRO,CAMPO FLORIDO ,217,80385,Tláhuac,31-Aug-2018,kharsnepg@youku.com,5506796408,/home/fotos/foto7283.jpg
18,GERTRUDIS, MOLINA, ARIAS,AV. ERMITA ,72,79547,Álvaro Obregón,09-Oct-2017,etoderinih@berkeley.edu,5568265691,/home/fotos/foto2234.jpg
19,ADOLFO, SANTANA, GALLARDO,MOSQUETA ,289,13705,Cuauhtémoc,21-Aug-2016,gtrustiei@spotify.com,5598053780,/home/fotos/foto6011.jpg
20,TOMAS, SANTOS, FERNÁNDEZ,CALLE 5 DE MAYO ,381,50832,Tláhuac,30-Nov-2017,lgehrtsj@bloglovin.com,5564171651,/home/fotos/foto9776.jpg
21,AURELIO, GUTIÉRREZ, VARGAS,VILLA FRATI ,40,12711,Gustavo A. Madero,22-Jan-2018,msmardonk@plala.or.jp,5524816762,/home/fotos/foto8087.jpg
22,JOSAFAT, CASTRO, GALLEGO,PLAYA HOR,130,13882,Gustavo A. Madero,04-Mar-2016,gknucklesl@utexas.edu,5502576514,/home/fotos/foto8858.jpg
23,LAUREANO, SÁNCHEZ, MARÍN,HOMBRES ILUSTRES ,440,16266,Venustiano Carranza,18-Jul-2015,jsaycem@google.de,5543091924,/home/fotos/foto0835.jpg
24,LUIS, MARÍN, VIDAL,JOSEFA ORTIZ DE DOMINGUEZ ,155,41369,Miguel Hidalgo,20-Dec-2017,lhewsonn@tumblr.com,5572171983,/home/fotos/foto8704.jpg
25,VIRGILIO, RUIZ, VEGA,BAJADA DEL SALTO ,109,62198,Cuauhtémoc,15-Aug-2018,dbrennanso@angelfire.com,5587043824,/home/fotos/foto5478.jpg
26,INOCENCIO, RUIZ, CANO,AV. ERMITA ,234,48183,Benito Juárez,16-Oct-2017,nplainp@nasa.gov,5552201232,/home/fotos/foto9425.jpg
27,SIMEÓN, FLORES, BLANCO,AVENIDA CENTENARIO ,471,98202,Gustavo A. Madero,24-Nov-2015,srevieq@mapquest.com,5551043835,/home/fotos/foto9845.jpg
28,CÉSAR, LEÓN, VARGAS,HERIBERTO FRIAS ,454,61703,Magdalena Contreras,12-May-2016,celiyahur@shutterfly.com,5591462618,/home/fotos/foto7534.jpg
29,DIMAS, BLANCO, MARTÍNEZ,LERDO ,144,44632,Venustiano Carranza,13-Jun-2018,phinschs@reuters.com,5526852890,/home/fotos/foto9210.jpg
30,EVA, FUENTES, IGLESIAS,ROA BARCENAS ,92,96396,Coyoacán,21-Apr-2016,khanhartt@youku.com,5591206424,/home/fotos/foto8260.jpg
31,SOLEDAD, CARRASCO, CABALLERO,IGNACIO ZARAGOZA ,124,68260,Azcapotzalco,22-Oct-2017,rskakunasu@etsy.com,5557172999,/home/fotos/foto2069.jpg
32,DOROTEA, DÍAZ, DOMÍNGUEZ,3A. CERRADA DE SOLIDARIDAD ,487,28626,Cuajimalpa de Morelos,28-Sep-2015,pcurnokv@ox.ac.uk,5532135295,/home/fotos/foto1662.jpg
33,BEGOÑA, MARÍN, IGLESIAS,ANDADOR DE LA ESMERALDA ,356,68024,Azcapotzalco,08-Mar-2018,gsammesw@histats.com,5511227698,/home/fotos/foto8277.jpg
34,ANIANO, HERNÁNDEZ, MORA,PLAYA HOR,307,72501,Magdalena Contreras,20-Feb-2016,jrayntonx@usa.gov,5541650688,/home/fotos/foto5085.jpg
35,JERÓNIMO, CABRERA, MÁRQUEZ,1A CERRADA DE CORREGIDORA ,390,66288,Álvaro Obregón,03-Dec-2015,oyoutheady@cnbc.com,5550825392,/home/fotos/foto9076.jpg
36,INMACULADA, ROMERO, VIDAL,CRISTOBAL COLON ,33,36184,Xochimilco,26-Nov-2016,rwhittenz@aol.com,5518084793,/home/fotos/foto7586.jpg
37,JERÓNIMO, HERRERO, VEGA,CUAUTITLAN ,299,67921,Miguel Hidalgo,21-Aug-2015,sharburtson10@shop-pro.jp,5587659039,/home/fotos/foto6808.jpg
38,CELIA, GONZÁLEZ, NAVARRO,LAS FLORES ,88,92111,Miguel Hidalgo,16-May-2017,bkynman11@google.de,5565385648,/home/fotos/foto3352.jpg
39,MAGDALENA, VICENTE, RUIZ,CDA QUINTANA ROO ,403,63677,Benito Juárez,01-May-2017,kgarstan12@ca.gov,5575566182,/home/fotos/foto0155.jpg
40,ANIANO, MONTERO, CASTRO,CALZADA DE LA ROMERIA ,269,35328,Tlalpan,30-Jan-2015,kmecco13@boston.com,5599367173,/home/fotos/foto5278.jpg
41,ANDRÉS, MOLINA, FUENTES,MANUEL PELAEZ ,120,28883,Azcapotzalco,12-Nov-2015,cshiel14@unc.edu,5521821427,/home/fotos/foto3387.jpg
42,ÁNGELES, FERRER, VEGA,FRANCISCO LEIVA ,411,10591,Benito Juárez,26-Feb-2017,mearingey15@geocities.jp,5524764514,/home/fotos/foto6128.jpg
43,NOELIA, DOMÍNGUEZ, ORTIZ,PALMERAS ,380,77855,Gustavo A. Madero,01-Dec-2018,dtabram16@merriam-webster.com,5568251145,/home/fotos/foto1460.jpg
44,FÉLIX, VEGA, GARCÍA,BATALLA DE CALPULALPAN ,198,91378,Xochimilco,04-Sep-2017,pfairlam17@eventbrite.com,5557138485,/home/fotos/foto0413.jpg
45,SALOMÓN, MORALES, PASCUAL,AHUACATL ,499,84819,Xochimilco,05-Mar-2016,ldavidowich18@networksolutions.com,5536111822,/home/fotos/foto1528.jpg
46,RUFO, NÚÑEZ, ORTEGA,QUETZALCOATL ,153,19237,Milpa Alta,14-Feb-2016,brarity19@youtube.com,5598703092,/home/fotos/foto6026.jpg
47,PASCUAL, GIMÉNEZ, GARRIDO,PEDRO AGUIRRE CERDA ,314,89914,Tláhuac,07-Sep-2016,cbonevant1a@tinyurl.com,5596109417,/home/fotos/foto3476.jpg
48,BERNABÉ, DURÁN, MÉNDEZ,CRISTOBAL COLON ,383,40014,Tlalpan,01-Jun-2016,emacquist1b@shareasale.com,5504868777,/home/fotos/foto3596.jpg
49,AUGUSTO, CRUZ, SANTANA,SAGITARIO ,265,67474,Milpa Alta,03-Jan-2018,yfilov1c@google.nl,5509758044,/home/fotos/foto9928.jpg
50,IRENE, MORA, CASTILLO,25 DE FEBRERO DE 1861 ,480,28058,Tláhuac,05-Mar-2015,rbreadmore1d@tmall.com,5527044630,/home/fotos/foto5571.jpg
51,WILFREDO, HERNÁNDEZ, CALVO,PIEDRA CALIZA ,37,97542,Milpa Alta,26-Nov-2018,mwankel1e@google.com.br,5508979550,/home/fotos/foto0168.jpg
52,ADALBERTO, AGUILAR, MORA,ARTEMISAS ,358,61431,Venustiano Carranza,06-Nov-2017,rantoniat1f@fotki.com,5586583887,/home/fotos/foto4281.jpg
53,VIDAL, DOMÍNGUEZ, VICENTE,VALLE PASSOS ,158,54260,Coyoacán,30-Dec-2015,rquiddihy1g@illinois.edu,5555788166,/home/fotos/foto5499.jpg
54,REMEDIOS, MONTORO, VELASCO,EL ROSARIO ,317,59934,Benito Juárez,01-Jan-2016,mchaucer1h@topsy.com,5547959092,/home/fotos/foto6494.jpg
55,LUCRECIA, BLESA, GIMÉNEZ,IXTLIXOCHITL ,348,27318,Xochimilco,17-Jun-2018,rolney1i@yolasite.com,5536227484,/home/fotos/foto1243.jpg
56,EDMUNDO, CRUZ, FUENTES,NESMEL ,489,32791,Xochimilco,22-Sep-2015,rgonzalvo1j@usgs.gov,5552581325,/home/fotos/foto8464.jpg
57,AGUSTÍN, SANTOS, RAMOS,ANDADOR 2 DE COMPOSTELA ,87,54501,Coyoacán,14-Sep-2016,efox1k@loc.gov,5547258696,/home/fotos/foto1698.jpg
58,SALOMÉ, ÁLVAREZ, MORENO,NULL ,285,27014,Cuajimalpa de Morelos,22-Nov-2015,rbiggerdike1l@uiuc.edu,5575377327,/home/fotos/foto9511.jpg
59,JUVENAL, VELASCO, MOYA,AV. TOLUCA ,210,55269,Miguel Hidalgo,24-Oct-2016,mhandasyde1m@cyberchimps.com,5565914646,/home/fotos/foto9430.jpg
60,AURELIO, MONTERO, HERRERO,CAOBAN ,155,63344,Álvaro Obregón,22-Apr-2018,wgrass1n@kickstarter.com,5536632333,/home/fotos/foto5695.jpg
61,CALIXTO, CANO, HERRERA,CRUZ VERDE ,139,01102,Cuajimalpa de Morelos,02-Apr-2016,fberrill1o@rambler.ru,5561484661,/home/fotos/foto5049.jpg
62,SOLEDAD, LOZANO, RUIZ,OLIVO ,115,71313,Iztacalco,02-May-2017,ypimerick1p@blogtalkradio.com,5554188048,/home/fotos/foto1332.jpg
63,WILFREDO, DELGADO, RAMOS,FRANCIA ,293,27555,Benito Juárez,10-Jun-2015,hlinzey1q@dell.com,5572370318,/home/fotos/foto3921.jpg
64,BONIFACIO, JIMÉNEZ, SANTIAGO,UN HAB FUENTES BROTANTES ,390,32136,Álvaro Obregón,22-Jul-2017,htalby1r@nbcnews.com,5576619998,/home/fotos/foto3308.jpg
65,GREGORIO, RODRÍGUEZ, MARTÍNEZ,LA GARITA ,216,80653,Iztapalapa,12-Nov-2018,cbax1s@marketwatch.com,5524596685,/home/fotos/foto3586.jpg
66,AUGUSTO, CABALLERO, BLESA,AV. TOLUCA ,162,11186,Milpa Alta,11-May-2016,posinin1t@prnewswire.com,5527927694,/home/fotos/foto8892.jpg
67,ENCARNACIÓN, RUBIO, JIMÉNEZ,BOULEVAR PASTOR ROUAIX ,39,30781,Coyoacán,06-Aug-2016,gcuttell1u@de.vu,5515944644,/home/fotos/foto4441.jpg
68,ROQUE, CORTÉS, MUÑOZ,CALLE 5 DE MAYO ,171,62679,Azcapotzalco,27-Feb-2015,sgalilee1v@addthis.com,5578599372,/home/fotos/foto6881.jpg
69,AMADEO, VEGA, CRUZ,PENNSYLVANIA ,489,36074,Álvaro Obregón,19-Apr-2016,estebbings1w@fda.gov,5552409343,/home/fotos/foto9944.jpg
70,PATRICIO, GARCÍA, CRESPO,CHICARAS ,198,43134,Tlalpan,06-Aug-2015,pkillough1x@biglobe.ne.jp,5566251579,/home/fotos/foto0702.jpg
71,CRISTINA, PASTOR, ESTEBAN,CONVENTO ,30,36875,Milpa Alta,16-Jul-2016,tmattke1y@auda.org.au,5594646754,/home/fotos/foto3155.jpg
72,AURELIANO, CANO, FERRER,ARIZONA ,434,26909,Azcapotzalco,18-Jan-2015,pszymanek1z@nhs.uk,5576708107,/home/fotos/foto2654.jpg
73,JORGE, RUBIO, MOYA,ARRECIFE ,396,14698,Tlalpan,10-Jul-2017,estrathdee20@gov.uk,5534643229,/home/fotos/foto0523.jpg
74,ROMÁN, RAMÍREZ, DÍAZ,AV. DEL TALLER ,451,84152,Magdalena Contreras,07-Jul-2018,sege21@mozilla.com,5548323813,/home/fotos/foto6031.jpg
75,JEREMÍAS, HIDALGO, MORALES,PROLON BUEAIRES ,37,10819,Álvaro Obregón,13-Apr-2016,asolan22@goodreads.com,5515343235,/home/fotos/foto3322.jpg
76,JAVIER, MARTÍN, VARGAS,2DA CERRADA DE LOMA LINDA ,282,71661,Iztapalapa,04-Nov-2016,bmaccorley23@stanford.edu,5536426947,/home/fotos/foto7938.jpg
77,FORTUNATO, GIMÉNEZ, REYES,CHICOASEN ,160,55501,Coyoacán,28-Sep-2016,iogilvie24@bigcartel.com,5555803508,/home/fotos/foto9754.jpg
78,ALFREDO, CRESPO, HIDALGO,JUAN ZAIZAR ,422,38397,Álvaro Obregón,10-May-2016,cbeldom25@comsenz.com,5503378602,/home/fotos/foto9841.jpg
79,EZEQUIEL, ÁLVAREZ, CALVO,LERDO ,462,97073,Tláhuac,02-Oct-2016,crosenschein26@naver.com,5562063625,/home/fotos/foto7127.jpg
80,SEVERINO, SÁEZ, MUÑOZ,CONSTITUCION ,305,30487,Milpa Alta,05-Feb-2018,asimonin27@canalblog.com,5581076769,/home/fotos/foto5885.jpg
81,NAZARIO, PEÑA, MOLINA,ROA BARCENAS ,18,32252,Álvaro Obregón,29-Oct-2017,kpaynes28@opensource.org,5553892747,/home/fotos/foto8575.jpg
82,JOSEP, DÍEZ, VICENTE,GUADALUPE VICTORIA ,205,08157,Cuauhtémoc,06-Oct-2017,pgrigolon29@narod.ru,5549796173,/home/fotos/foto9855.jpg
83,HERIBERTO, IGLESIAS, NAVARRO,CAOBA ,185,82864,Coyoacán,24-Mar-2016,yarzu2a@1und1.de,5590423656,/home/fotos/foto9226.jpg
84,ELISEO, FERNÁNDEZ, ORTEGA,TEPETONGO ,308,33566,Tláhuac,07-Jun-2016,jfaussett2b@shareasale.com,5576665964,/home/fotos/foto0818.jpg
85,TERESA, BLANCO, SANTIAGO,CONSTITUCION ,54,56261,Miguel Hidalgo,22-Oct-2015,jhickenbottom2c@paypal.com,5585637925,/home/fotos/foto6855.jpg
86,CÉSAR, SÁNCHEZ, GIL,PRIVADA FARALLON ,479,88212,Iztapalapa,19-Feb-2018,oedwardes2d@samsung.com,5594364443,/home/fotos/foto0689.jpg
87,ALIPIO, ROMÁN, VICENTE,EXCONVENTO DE CHURUBUSCO ,397,77456,Magdalena Contreras,19-Oct-2017,filbert2e@t.co,5551365083,/home/fotos/foto0581.jpg
88,ILDEFONSO, ROMERO, MORENO,BARRANCA ,99,86045,Gustavo A. Madero,23-Jun-2016,csalvador2f@craigslist.org,5526680719,/home/fotos/foto5254.jpg
89,RICARDO, VÁZQUEZ, CRESPO,JAIME NUNO ,376,31689,Cuajimalpa de Morelos,13-Mar-2015,clibero2g@cbsnews.com,5509485675,/home/fotos/foto6612.jpg
90,TOBÍAS, FERRER, ORTEGA,NEZAHUALCOYOTL ,446,58125,Venustiano Carranza,03-Sep-2017,cpocklington2h@cornell.edu,5577916900,/home/fotos/foto7388.jpg
91,VICTORINO, CASTRO, SOLER,CALLE TABASCO ,43,74984,Cuauhtémoc,28-Jun-2017,dbrokenshire2i@netscape.com,5545877476,/home/fotos/foto8929.jpg
92,EDUARDO, VARGAS, CASTRO,POLYUC ,89,69922,Xochimilco,18-Apr-2018,cprichard2j@usnews.com,5593868874,/home/fotos/foto6818.jpg
93,ARIADNA, CABRERA, MOLINA,POLYUC ,300,65779,Tláhuac,05-Feb-2015,mculbert2k@multiply.com,5505978508,/home/fotos/foto4157.jpg
94,COLUMBANO, IGLESIAS, MORALES,VERIN ,146,65310,Tláhuac,13-Jan-2016,tchishull2l@ask.com,5572522321,/home/fotos/foto4122.jpg
95,PABLO, REY, CARRASCO,BILBAO ,451,85528,Tlalpan,11-Feb-2017,dcochrane2m@i2i.jp,5537754484,/home/fotos/foto1850.jpg
96,BALTASAR, CABALLERO, VICENTE,ARRECIFE ,146,03987,Coyoacán,24-May-2017,eclemmensen2n@squarespace.com,5501856451,/home/fotos/foto1520.jpg
97,DOROTEA, GÓMEZ, SANTIAGO,1A. CALLE SUR ,176,18985,Miguel Hidalgo,06-Nov-2018,uchisnall2o@purevolume.com,5553603402,/home/fotos/foto9035.jpg
98,NARCISO, SANTOS, MONTORO,BOSQUES DE FELIPE ,165,65801,Gustavo A. Madero,21-Aug-2015,ishimwell2p@sciencedaily.com,5521403457,/home/fotos/foto8949.jpg
99,SAMUEL, HERRERO, RODRÍGUEZ,20 DE NOVIEMBRE ,285,12349,Tlalpan,12-Sep-2017,rrosenau2q@umn.edu,5507397116,/home/fotos/foto8629.jpg
100,ADELAIDA, PRIETO, NAVARRO,AV PACIFICO ,154,16194,Benito Juárez,03-Dec-2018,lbartozzi2r@51.la,5585788277,/home/fotos/foto4926.jpg
101,FEDERICO, VICENTE, CAMPOS,CARTILLA ,213,78314,Benito Juárez,23-Dec-2016,sgaye2s@wufoo.com,5561914010,/home/fotos/foto9252.jpg
102,AITOR, MARTÍN, PASTOR,MIGUEL ALEMAN ,225,29181,Gustavo A. Madero,02-Apr-2017,dpoley2t@i2i.jp,5593426205,/home/fotos/foto0553.jpg
103,LEÓN, VELASCO, SÁNCHEZ,AGRICULTURA ,400,10812,Miguel Hidalgo,13-Apr-2017,ehayer2u@nature.com,5514769031,/home/fotos/foto0665.jpg
104,BALTASAR, CAMBIL, BENÍTEZ,PROL DE GUADALUPE Y RAMIREZ ,335,73884,Gustavo A. Madero,05-Apr-2016,tcalcott2v@abc.net.au,5517128192,/home/fotos/foto0975.jpg
105,CLOTILDE, GARCÍA, CABALLERO,CALLE 60 ,45,41395,Tláhuac,27-Jun-2015,sedgehill2w@un.org,5561980253,/home/fotos/foto8742.jpg
106,EFRÉN, JIMÉNEZ, MORENO,CANAL SECO ,246,44445,Cuauhtémoc,11-Jan-2017,bmiskimmon2x@bluehost.com,5506625308,/home/fotos/foto4020.jpg
107,ÁLVARO, ÁLVAREZ, MORA,AV. RIO FRIO ,187,52697,Venustiano Carranza,25-Feb-2017,pdongate2y@unicef.org,5582484114,/home/fotos/foto6631.jpg
108,JACOB, BLESA, MOYA,CHICOASEN ,14,00410,Cuauhtémoc,26-Aug-2015,fgerard2z@baidu.com,5513095799,/home/fotos/foto5654.jpg
109,GUIDO, BLANCO, FUENTES,CONVENTO ,66,84953,Iztapalapa,26-Mar-2016,apenn30@fda.gov,5547168764,/home/fotos/foto0040.jpg
110,CRISTIAN, CORTÉS, VICENTE,PENNSYLVANIA ,355,88753,Cuauhtémoc,24-Apr-2016,hcotte31@skyrock.com,5589483627,/home/fotos/foto1813.jpg
111,ROCÍO, PÉREZ, VÁZQUEZ,OCOTAL ,62,18659,Coyoacán,27-Oct-2018,asorsby32@yahoo.com,5553888313,/home/fotos/foto5153.jpg
112,OTILIA, SÁEZ, CANO,CIR.JOSEFA ORTIZ ,371,91805,Cuauhtémoc,24-Apr-2017,rpiscot33@hubpages.com,5570170068,/home/fotos/foto3665.jpg
113,BLANCA, GONZÁLEZ, BLANCO,AV. LA HUERTA ,404,87230,Gustavo A. Madero,06-Jul-2016,tmcgrath34@ucoz.com,5590047952,/home/fotos/foto0557.jpg
114,SIMEÓN, FLORES, BLANCO,AV. TLALMEMELOLPAN ,316,01701,Magdalena Contreras,21-May-2016,cfelderer35@aol.com,5575600203,/home/fotos/foto2058.jpg
115,DOMINGO, HIDALGO, MONTORO,MIGUEL ALEMAN ,190,65684,Álvaro Obregón,24-Jun-2016,mdeble36@apple.com,5584050384,/home/fotos/foto0615.jpg
116,INMACULADA, MOLINA, GUERRERO,CARRETERA COSTERA ,99,73477,Iztacalco,23-Aug-2015,gcranidge37@foxnews.com,5541797987,/home/fotos/foto7340.jpg
117,EMILIANO, DÍEZ, RAMOS,AV. LAS TORRES ,109,56003,Cuajimalpa de Morelos,01-Jun-2017,dchapelhow38@merriam-webster.com,5502316718,/home/fotos/foto0444.jpg
118,LUCÍA, PRIETO, VARGAS,DR BALMIS ,37,06955,Tlalpan,02-Dec-2018,hsaxon39@hhs.gov,5576085887,/home/fotos/foto6643.jpg
119,OSEAS, DÍAZ, SANTOS,ADRIAN BROWER ,8,02022,Cuajimalpa de Morelos,09-Feb-2016,mhaddon3a@comcast.net,5527493618,/home/fotos/foto9579.jpg
120,AUGUSTO, CABALLERO, BLESA,CALLE PETIRROJO ,32,81686,Xochimilco,11-Dec-2016,mlindenbluth3b@google.com,5507176305,/home/fotos/foto7727.jpg
121,NORBERTO, GÓMEZ, MORA,AV. CRISTOBAL HIDALGO ,313,98748,Venustiano Carranza,21-Mar-2016,eguisot3c@photobucket.com,5574002085,/home/fotos/foto4930.jpg
122,ADOLFO, BLANCO, MORALES,TORTUGA ,126,36247,Cuajimalpa de Morelos,09-Jun-2018,gvangiffen3d@mlb.com,5541286747,/home/fotos/foto5370.jpg
123,COSME, DÍEZ, GIMÉNEZ,COLIMA ,13,61387,Tlalpan,04-Nov-2017,kagius3e@mtv.com,5574268219,/home/fotos/foto5374.jpg
124,OTILIA, LÓPEZ, PRIETO,CAPIRO ,77,43773,Cuajimalpa de Morelos,09-Mar-2016,mbeedle3f@opera.com,5558415819,/home/fotos/foto0789.jpg
125,OCTAVIO, MORA, MEDINA,JESUS GARCIA MORALES ,113,43579,Tlalpan,11-Mar-2018,mlawday3g@unblog.fr,5593062391,/home/fotos/foto4138.jpg
126,LEOPOLDO, GIL, SÁEZ,ANDADOR 2 DE COMPOSTELA ,79,55294,Iztacalco,30-Aug-2016,oriley3h@facebook.com,5564584383,/home/fotos/foto5426.jpg
127,DAVID, MORA, BLESA,COPA DE ORO ,292,61866,Cuajimalpa de Morelos,07-Oct-2018,aspileman3i@domainmarket.com,5556370211,/home/fotos/foto4120.jpg
128,JAIME, SUÁREZ, MÁRQUEZ,CARRETERA PEREZ GASGA ,312,44614,Magdalena Contreras,14-Sep-2015,gcashell3j@discovery.com,5569243028,/home/fotos/foto1058.jpg
129,CASIO, RODRÍGUEZ, CAMPOS,VALLE PASSOS ,9,34578,Gustavo A. Madero,05-May-2017,rneljes3k@usgs.gov,5525474748,/home/fotos/foto4100.jpg
130,ALEJANDRA, SÁEZ, VIDAL,FRANCISCO LEIVA ,60,98517,Azcapotzalco,02-Feb-2015,mtoal3l@spotify.com,5599658891,/home/fotos/foto7741.jpg
131,AURORA, ÁLVAREZ, CAMPOS,MARGARITA MAZA DE JUAREZ ,6,25370,Coyoacán,25-Feb-2016,kfowlds3m@columbia.edu,5550023858,/home/fotos/foto7043.jpg
132,MARCIANO, PEÑA, MÉNDEZ,ALCANFORES ,74,99245,Tlalpan,19-Jan-2016,mpanyer3n@uiuc.edu,5557849420,/home/fotos/foto1683.jpg
133,SANTIAGO, CAMBIL, SUÁREZ,LAGO MANAGUA ,180,53975,Xochimilco,20-Nov-2015,rthorn3o@wix.com,5544422312,/home/fotos/foto8699.jpg
134,ALEJANDRO, SANZ, CASTILLO,YUCATAN ,369,50894,Gustavo A. Madero,06-Sep-2018,btabbernor3p@flavors.me,5596656186,/home/fotos/foto1480.jpg
135,FÉLIX, GIL, HERRERO,AV. COPILCO ,256,19496,Venustiano Carranza,11-Jan-2016,schadd3q@skyrock.com,5585440338,/home/fotos/foto5818.jpg
136,PURIFICACIÓN, ESTEBAN, VICENTE,SALTO DEL AGUA ,198,68927,Gustavo A. Madero,05-Sep-2018,lkirley3r@biglobe.ne.jp,5520157176,/home/fotos/foto4736.jpg
137,JORGE, FERNÁNDEZ, SOTO,RAFAEL CRAVIOTO ,19,67943,Magdalena Contreras,13-Sep-2015,fdunley3s@google.es,5544839270,/home/fotos/foto0283.jpg
138,ENRIQUE, VARGAS, LEÓN,CALLE 5 DE MAYO ,242,13397,Benito Juárez,30-Oct-2018,mmclaggan3t@upenn.edu,5525586480,/home/fotos/foto5577.jpg
139,LIDUVINA, MUÑOZ, NIETO,PALMERAS ,98,53006,Cuauhtémoc,24-Apr-2018,csaffrin3u@independent.co.uk,5567382506,/home/fotos/foto0592.jpg
140,ÓSCAR, HERNÁNDEZ, CAMBIL,AMEZQUITE ,409,35958,Iztacalco,25-Jan-2016,bcristofano3v@wufoo.com,5598140132,/home/fotos/foto0446.jpg
141,ELISEO, HERRERA, GUTIÉRREZ,PARAJE ,472,01541,Tláhuac,11-Jul-2016,kworks3w@addtoany.com,5528623610,/home/fotos/foto9108.jpg
142,DACIO, ORTEGA, FERRER,PLAZUELA 1 DE SAN PEDRO ,127,29583,Magdalena Contreras,27-Apr-2016,mnutt3x@topsy.com,5544894425,/home/fotos/foto0749.jpg
143,FERNANDO, GONZÁLEZ, VEGA,CALANDRIA ,312,82485,Miguel Hidalgo,05-Jan-2018,gburberye3y@fda.gov,5564004732,/home/fotos/foto4016.jpg
144,CONSTANTINO, CAMPOS, CALVO,POLYUC ,379,30553,Iztapalapa,11-Dec-2017,sneilands3z@google.ca,5586373890,/home/fotos/foto8704.jpg
145,SEVERINO, CABRERA, PEÑA,ADRIAN BROWER ,280,78382,Azcapotzalco,22-Oct-2015,asaich40@ibm.com,5598982951,/home/fotos/foto5988.jpg
146,CIPRIANO, CAMBIL, LORENZO,MARINO MOSCO ,12,32207,Milpa Alta,01-Feb-2016,vkarel41@hc360.com,5558117185,/home/fotos/foto1664.jpg
147,ANNA, VARGAS, PARRA,AV. COPILCO ,108,29992,Iztapalapa,06-Dec-2017,vceschelli42@eepurl.com,5543124472,/home/fotos/foto5891.jpg
148,RAQUEL, MORALES, SANTIAGO,BOSQUES DE FELIPE ,270,86477,Tláhuac,14-May-2017,koventon43@zimbio.com,5550239190,/home/fotos/foto8867.jpg
149,SONIA, GÓMEZ, MARTÍN,BOSQUES DE BRUSELAS ,244,74712,Iztapalapa,12-Nov-2015,ajanc44@businessinsider.com,5537342494,/home/fotos/foto7605.jpg
150,CIRILO, NIETO, IGLESIAS,ALTOMONTE ,201,35781,Magdalena Contreras,23-Jul-2018,vgarry45@netvibes.com,5589599336,/home/fotos/foto8193.jpg
151,ALIPIO, IBÁÑEZ, ORTIZ,C. JOSE SANCHEZ TINOCO ,478,68563,Xochimilco,15-Sep-2017,ekiljan46@google.pl,5512504136,/home/fotos/foto2196.jpg
152,RITA, MORENO, TORRES,XICOTENCATL ,65,37260,Cuajimalpa de Morelos,06-Oct-2015,vgobert47@hexun.com,5570527631,/home/fotos/foto0796.jpg
153,BLANCA, ESTEBAN, RAMOS,AV. JOSE DEL PILAR ,435,45941,Iztacalco,07-Aug-2017,rvanetti48@guardian.co.uk,5504029184,/home/fotos/foto9353.jpg
154,ELISA, PÉREZ, HIDALGO,ANDADOR DEL LLANO ,353,55065,Álvaro Obregón,12-Oct-2018,mdonavan49@nsw.gov.au,5581644195,/home/fotos/foto4730.jpg
155,NATALIA, SÁNCHEZ, GALLARDO,CALLE TABASCO ,266,81694,Iztapalapa,19-Feb-2017,sstucke4a@eepurl.com,5560915856,/home/fotos/foto7008.jpg
156,BENJAMÍN, GARCÍA, REY,PALOMAR ,77,57200,Cuajimalpa de Morelos,13-Jan-2017,mmckern4b@delicious.com,5545311800,/home/fotos/foto7844.jpg
157,LORENZO, ORTEGA, SERRANO,BATALLA DE CALPULALPAN ,173,94968,Iztacalco,13-Jan-2016,jebbotts4c@over-blog.com,5590430526,/home/fotos/foto3128.jpg
158,RIGOBERTO, ROMÁN, CANO,LAS ROSAS ,385,86902,Milpa Alta,12-Jul-2015,vwestell4d@baidu.com,5584193570,/home/fotos/foto4543.jpg
159,PATRICIO, GARCÍA, CRESPO,IGNACIO ZARAGOZA ,454,47618,Coyoacán,19-Nov-2015,mishak4e@unblog.fr,5574353123,/home/fotos/foto8287.jpg
160,ORIOL, PRIETO, SERRANO,LOMBARDOS ,280,11580,Gustavo A. Madero,04-Mar-2018,cconsterdine4f@indiegogo.com,5573953112,/home/fotos/foto7440.jpg
161,EMILIO, DÍEZ, VICENTE,MAR JONICO ,445,35441,Milpa Alta,31-Oct-2017,amcpeake4g@prweb.com,5520102772,/home/fotos/foto3362.jpg
162,MARCOS, ALONSO, SÁNCHEZ,PRADOS DE CEDRO ,160,38096,Miguel Hidalgo,17-Oct-2016,tlapthorne4h@mediafire.com,5548514723,/home/fotos/foto6960.jpg
163,JUANA, VÁZQUEZ, DURÁN,FRANCISCO DEL PASO Y TRONCOSO ,457,79818,Milpa Alta,26-Dec-2015,lgansbuhler4i@ocn.ne.jp,5540891718,/home/fotos/foto6015.jpg
164,JOSEFA, SOLER, CRESPO,PORTO ALEGRE ,425,04761,Coyoacán,09-Dec-2015,msauvan4j@seesaa.net,5502456633,/home/fotos/foto2109.jpg
165,RICARDO, DÍAZ, MÉNDEZ,2DA CERRADA DE LOMA LINDA ,432,79764,Gustavo A. Madero,10-Oct-2015,ftomaskov4k@canalblog.com,5575640175,/home/fotos/foto5989.jpg
166,CECILIA, VARGAS, MUÑOZ,IXTLIXOCHITL ,65,21458,Tláhuac,30-Aug-2015,cmcelvine4l@bbc.co.uk,5581567935,/home/fotos/foto5371.jpg
167,NEMESIO, CAMPOS, RUIZ,NIÑOS HEROES ,203,05712,Cuajimalpa de Morelos,21-Dec-2016,trickaert4m@biblegateway.com,5579328700,/home/fotos/foto3902.jpg
168,TRINIDAD, VELASCO, DOMÍNGUEZ,CERRO DE LOS GAVILANES ,269,64348,Azcapotzalco,19-Oct-2015,aetock4n@state.tx.us,5575031763,/home/fotos/foto4983.jpg
169,CATALINA, MÁRQUEZ, DÍEZ,AV. SAN LORENZO TEZONCO ,122,59395,Tlalpan,14-Apr-2018,deberts4o@accuweather.com,5536557927,/home/fotos/foto2070.jpg
170,EPIFANÍA, GARCÍA, SÁEZ,RETORNO ELIAS F. HURTADO ,239,37530,Milpa Alta,24-Nov-2017,caiers4p@squidoo.com,5518743358,/home/fotos/foto4974.jpg
171,VERÓNICA, CANO, RAMOS,DECORADO ,203,91736,Miguel Hidalgo,02-Feb-2018,afranciotti4q@furl.net,5551314035,/home/fotos/foto9851.jpg
172,TRINIDAD, PASCUAL, HERRERA,PRIVADA DE HIPODROMO ,205,32614,Tlalpan,18-Mar-2018,tabade4r@phoca.cz,5592640186,/home/fotos/foto8962.jpg
173,PRISCILA, RODRÍGUEZ, SANTIAGO,RAFAELA LOPEZ AGUADO ,344,21289,Tláhuac,22-Dec-2017,mdalgetty4s@altervista.org,5554215894,/home/fotos/foto1763.jpg
174,TEODORA, DÍAZ, HERNÁNDEZ,BELLACO ,380,22484,Álvaro Obregón,27-Mar-2016,mjatczak4t@sciencedirect.com,5551767518,/home/fotos/foto0877.jpg
175,ROSARIO, REY, GUTIÉRREZ,COPA DE ORO ,26,91922,Cuauhtémoc,25-Jul-2016,dbaselli4u@hud.gov,5523391150,/home/fotos/foto9596.jpg
176,SALOMÓN, MARÍN, MARTÍNEZ,BAJADA DEL SALTO ,212,45724,Iztacalco,30-Nov-2015,ldoorly4v@hp.com,5576120736,/home/fotos/foto5028.jpg
177,VERÓNICA, HERRERO, SOTO,PROLON BUEAIRES ,136,91535,Milpa Alta,12-Sep-2017,dswidenbank4w@google.com,5560300343,/home/fotos/foto7247.jpg
178,RUBÉN, MORENO, MEDINA,CERRO DE LA ESTRELLA ,441,17006,Iztacalco,12-Aug-2015,dcocke4x@disqus.com,5525070530,/home/fotos/foto8085.jpg
179,AUGUSTO, HERRERO, CABRERA,LAGO MANAGUA ,174,78988,Cuauhtémoc,05-Jan-2016,eganforthe4y@bloglovin.com,5561803448,/home/fotos/foto4381.jpg
180,ADÁN, RAMÍREZ, BLANCO,IXTLIXOCHITL ,414,30736,Álvaro Obregón,12-Apr-2015,jedens4z@yellowpages.com,5551950044,/home/fotos/foto4420.jpg
181,TADEO, HERNÁNDEZ, GARRIDO,YUCATAN ,424,18803,Tlalpan,13-Nov-2016,pbunner50@ask.com,5533873208,/home/fotos/foto5829.jpg
182,VANESA, MEDINA, RAMÍREZ,LOMBARDOS ,345,19183,Iztapalapa,13-Mar-2017,mkunzler51@google.com.hk,5509889967,/home/fotos/foto6577.jpg
183,FABIOLA, DURÁN, HERNÁNDEZ,BOSQUES DE BRUSELAS ,81,06619,Iztapalapa,23-May-2015,bfeldfisher52@dell.com,5569038061,/home/fotos/foto9262.jpg
184,ELÍAS, CABALLERO, PÉREZ,PRIVADA AZOYAPAN ,241,45892,Miguel Hidalgo,16-Jul-2018,cgostall53@mozilla.com,5595054466,/home/fotos/foto4422.jpg
185,COLUMBA, SANTOS, HERNÁNDEZ,NEZAHUALCOYOTL ,123,47121,Magdalena Contreras,25-Aug-2018,dfreeth54@infoseek.co.jp,5557383226,/home/fotos/foto9515.jpg
186,CALIXTO, CABRERA, GARRIDO,CALLE 6 ,225,61070,Xochimilco,05-Jan-2015,xpaley55@slashdot.org,5586925937,/home/fotos/foto3540.jpg
187,ROSARIO, REYES, JIMÉNEZ,ROSA DE SIRIA ,373,60087,Tláhuac,19-Sep-2017,baxcel56@studiopress.com,5529720734,/home/fotos/foto2270.jpg
188,GABRIEL, MEDINA, NIETO,DR ARCE ,262,56908,Iztapalapa,17-Mar-2017,apeters57@soundcloud.com,5506294837,/home/fotos/foto7029.jpg
189,GERTRUDIS, MONTORO, MEDINA,AV. ZACAMULPA ,371,76410,Iztacalco,07-Jan-2017,lkeneforde58@acquirethisname.com,5517953566,/home/fotos/foto8821.jpg
190,MANUEL, FUENTES, CAMPOS,JOSE SAAVEDRA DEL RAZO ,457,95848,Tláhuac,19-Oct-2017,nbrafield59@privacy.gov.au,5541939797,/home/fotos/foto0037.jpg
191,FACUNDO, PARRA, VÁZQUEZ,LA GARITA ,5,88545,Venustiano Carranza,04-Oct-2018,wsollas5a@liveinternet.ru,5589477721,/home/fotos/foto9423.jpg
192,INÉS, CAMBIL, CAMBIL,ATLETAS ,108,70520,Milpa Alta,14-Oct-2017,emayzes5b@dion.ne.jp,5532720792,/home/fotos/foto2505.jpg
193,JUAN, MORA, GÓMEZ,LA VENTA CLAUSTRO TULIPANES ,121,39291,Azcapotzalco,20-Mar-2017,lcromb5c@biglobe.ne.jp,5508539385,/home/fotos/foto0484.jpg
194,MARGARITA, PARRA, SANZ,MANUEL GANDA ,206,13430,Milpa Alta,29-Sep-2018,tgabby5d@multiply.com,5577453780,/home/fotos/foto4221.jpg
195,ESTEBAN, CASTILLO, BLESA,ROA BARCENAS ,327,85141,Venustiano Carranza,02-Nov-2015,wheater5e@prnewswire.com,5557249994,/home/fotos/foto2102.jpg
196,BERNARDO, LÓPEZ, SERRANO,AVENIDA SAN JERONIMO ,58,53494,Venustiano Carranza,04-Nov-2017,gupfold5f@imdb.com,5547107591,/home/fotos/foto8866.jpg
197,AMBROSIO, MARTÍN, CRESPO,LA VENTA CLAUSTRO TULIPANES ,291,79184,Iztapalapa,13-Oct-2016,pkarlicek5g@cocolog-nifty.com,5562765237,/home/fotos/foto8188.jpg
198,REINALDO, SOTO, RUIZ,VILLA DE LAS FLORES ,434,87669,Iztapalapa,28-Mar-2017,ebalcombe5h@pinterest.com,5502556054,/home/fotos/foto8819.jpg
199,VIDAL, CRUZ, MONTERO,ALTOMONTE ,199,44250,Iztacalco,21-Apr-2016,gtelling5i@globo.com,5506983518,/home/fotos/foto2089.jpg
200,PRIMO, MONTORO, SUÁREZ,PLAZUELA 1 DE SAN PEDRO ,59,09234,Azcapotzalco,27-Oct-2015,thammond5j@mac.com,5563415514,/home/fotos/foto3129.jpg
201,TEODOSIA, MÁRQUEZ, FERRER,NICOLAS BRAVO ,25,84051,Tláhuac,28-Nov-2016,kspelwood5k@surveymonkey.com,5543745202,/home/fotos/foto5581.jpg
202,CAMILO, GUTIÉRREZ, MARTÍNEZ,ANDADOR ARCHIDONA ,138,18087,Gustavo A. Madero,15-Apr-2015,jjaynes5l@biglobe.ne.jp,5577011342,/home/fotos/foto7400.jpg
203,VERÓNICA, GALLEGO, LOZANO,PALMIRA ,223,17372,Tlalpan,11-Jan-2015,awestover5m@soup.io,5594654122,/home/fotos/foto9059.jpg
204,JUAN, CRUZ, ÁLVAREZ,HEROES DE NACOZARI ,97,41451,Álvaro Obregón,24-Oct-2018,jcurnnok5n@cornell.edu,5517700477,/home/fotos/foto1292.jpg
205,ASCENSIÓN, GUERRERO, CABRERA,EDIF AGUAMIEL ,377,74314,Azcapotzalco,05-Mar-2018,lfinnick5o@msn.com,5538516692,/home/fotos/foto6633.jpg
206,ANNA, VEGA, LORENZO,ONCE MARTIRES ,188,76114,Iztapalapa,04-May-2015,kzanitti5p@issuu.com,5543927915,/home/fotos/foto3275.jpg
207,RENATO, FERRER, MARTÍN,CTO. LAZARO CARDENAS ,224,32761,Xochimilco,14-Jun-2016,rkeeling5q@gizmodo.com,5525460798,/home/fotos/foto3055.jpg
208,CARMELO, MUÑOZ, FERRER,TEJAMANIL ,458,17871,Miguel Hidalgo,05-May-2015,swimpenny5r@yellowpages.com,5541110567,/home/fotos/foto3065.jpg
209,AITOR, CABALLERO, GUERRERO,PALOMAR ,82,81074,Venustiano Carranza,05-May-2018,bcardoe5s@va.gov,5560017286,/home/fotos/foto2517.jpg
210,EULALIA, PASCUAL, CASTRO,CALVARIO ,266,51009,Coyoacán,08-Jun-2017,sramberg5t@tripod.com,5554216561,/home/fotos/foto4347.jpg
211,CASIMIRO, GALLEGO, SANTANA,PARQUE MOLINO DE FLORES ,494,26554,Coyoacán,24-Aug-2018,mtrench5u@nasa.gov,5592450952,/home/fotos/foto5501.jpg
212,NICOLÁS, MARTÍN, SÁEZ,SALTO DEL AGUA ,56,78179,Gustavo A. Madero,13-Aug-2018,lkeary5v@amazon.co.uk,5551860925,/home/fotos/foto0395.jpg
213,CRISTÓBAL, CASTILLO, SÁNCHEZ,AV. ALTILLO ,282,02398,Miguel Hidalgo,11-Apr-2016,dwildman5w@macromedia.com,5528591193,/home/fotos/foto3101.jpg
214,ALIPIO, BLANCO, SOLER,PORTO ALEGRE ,469,77086,Milpa Alta,11-Feb-2017,rfausset5x@umich.edu,5551195897,/home/fotos/foto6042.jpg
215,AARÓN, DURÁN, BLANCO,FERRARA ,350,57123,Tláhuac,19-Jun-2018,nolford5y@list-manage.com,5545375657,/home/fotos/foto5013.jpg
216,ANSELMO, VIDAL, VIDAL,CERRO CHURINTZIO ,287,45269,Coyoacán,06-Apr-2018,ashortell5z@mac.com,5539503160,/home/fotos/foto6954.jpg
217,JERÓNIMO, BENÍTEZ, SANZ,ONOFRE CAPETO ,204,05841,Álvaro Obregón,23-Dec-2017,ipenberthy60@devhub.com,5581165574,/home/fotos/foto2414.jpg
218,ONÉSIMO, ÁLVAREZ, LOZANO,GUERRILLERA ,423,88125,Benito Juárez,27-Jan-2018,pketton61@ucla.edu,5536788026,/home/fotos/foto0333.jpg
219,ÁUREA, SANTIAGO, ÁLVAREZ,ADELAIDA ,218,89947,Venustiano Carranza,07-May-2018,mgrier62@google.nl,5547979801,/home/fotos/foto4168.jpg
220,NATALIA, CALVO, DÍAZ,PIE DE LA CUESTA ,82,34590,Iztapalapa,03-May-2015,psandeland63@usda.gov,5526805562,/home/fotos/foto9125.jpg
221,ROMÁN, LÓPEZ, MONTERO,COMUNAL ,355,71799,Cuauhtémoc,26-Sep-2017,cnorree64@ucoz.com,5594949983,/home/fotos/foto0478.jpg
222,NIEVES, CAMBIL, JIMÉNEZ,CAOBA ,114,84612,Cuajimalpa de Morelos,08-Aug-2016,mtomowicz65@foxnews.com,5558648183,/home/fotos/foto8646.jpg
223,JACOBO, IBÁÑEZ, MARÍN,STA. CLARA II ,212,14566,Cuajimalpa de Morelos,27-Jun-2015,kizak66@mozilla.org,5538344048,/home/fotos/foto4044.jpg
224,VICENTE, SANTOS, SERRANO,MARINO MOSCO ,336,06821,Gustavo A. Madero,03-Feb-2015,awestwater67@salon.com,5579565879,/home/fotos/foto4005.jpg
225,ARNALDO, SERRANO, LEÓN,2DA CERRADA DE DURAZ,3,89277,Tlalpan,06-Dec-2015,rastin68@geocities.com,5509011316,/home/fotos/foto3137.jpg
226,FEDERICO, RAMOS, RUBIO,BALMACEDA ,358,89479,Miguel Hidalgo,20-Jan-2017,lsprigg69@omniture.com,5523237708,/home/fotos/foto9724.jpg
227,ERNESTO, DÍEZ, ORTIZ,LA GARITA ,61,95653,Magdalena Contreras,06-Mar-2017,mlemerle6a@phpbb.com,5586908053,/home/fotos/foto3686.jpg
228,EUSEBIO, RODRÍGUEZ, VICENTE,PENNSYLVANIA ,449,14946,Tlalpan,28-Sep-2018,bmacdiarmid6b@techcrunch.com,5527576529,/home/fotos/foto6658.jpg
229,VICTORIA, GIMÉNEZ, DELGADO,MONTE DE PIEDAD ,129,29731,Cuajimalpa de Morelos,13-Aug-2017,hvarvell6c@weibo.com,5554307206,/home/fotos/foto8572.jpg
230,ORIOL, SANZ, HIDALGO,LABNA ,236,32044,Gustavo A. Madero,02-Nov-2018,bcrumly6d@ucoz.com,5576910716,/home/fotos/foto4998.jpg
231,MARCIAL, SUÁREZ, SOLER,CALANDRIA ,122,02805,Cuauhtémoc,01-Feb-2018,czanitti6e@noaa.gov,5535356851,/home/fotos/foto7530.jpg
232,AMELIA, ROMERO, MORALES,SUR 67 ,199,73032,Miguel Hidalgo,28-Oct-2016,lburnie6f@whitehouse.gov,5540625244,/home/fotos/foto9729.jpg
233,HILARIÓN, MARÍN, RUIZ,VERIN ,152,89163,Iztapalapa,08-Apr-2015,vspelwood6g@xing.com,5522531950,/home/fotos/foto8633.jpg
234,RAÚL, SOLER, CABRERA,BAJADA DEL SALTO ,217,70819,Azcapotzalco,28-Sep-2017,olicciardo6h@typepad.com,5525263742,/home/fotos/foto1270.jpg
235,AQUILES, PEÑA, CRESPO,BARRIO DE SAN JOSÉ ,95,43580,Iztapalapa,03-Aug-2018,kdaile6i@dot.gov,5590176803,/home/fotos/foto1012.jpg
236,RAIMUNDO, ORTEGA, MÁRQUEZ,TEKIT ,49,89239,Cuauhtémoc,02-Jul-2015,mingerman6j@imageshack.us,5501042842,/home/fotos/foto8286.jpg
237,EFRÉN, RUIZ, FERRER,AV. LAS TORRES ,245,36454,Magdalena Contreras,02-Feb-2017,jgready6k@123-reg.co.uk,5573426051,/home/fotos/foto8191.jpg
238,AURELIO, NÚÑEZ, CANO,GUERRILLERA ,344,56142,Milpa Alta,08-May-2017,rmapston6l@cpanel.net,5529091252,/home/fotos/foto4708.jpg
239,LORENZO, BLESA, MARÍN,CORAS ,272,35378,Álvaro Obregón,01-Jul-2017,madcocks6m@google.ca,5520211324,/home/fotos/foto5649.jpg
240,AMPARO, AGUILAR, CASTRO,VILLA DE LAS FLORES ,252,14617,Benito Juárez,16-Apr-2015,ileynham6n@tripod.com,5519393513,/home/fotos/foto0331.jpg
241,PANCRACIO, SANTOS, LÓPEZ,PRIVADA FARALLON ,282,33308,Iztacalco,02-Jan-2016,jtorrie6o@nih.gov,5592106876,/home/fotos/foto6337.jpg
242,CAYETANO, CRESPO, PRIETO,CALZADA BENITO JUAREZ ,5,56270,Cuajimalpa de Morelos,11-Nov-2016,lhousecroft6p@answers.com,5545950111,/home/fotos/foto0350.jpg
243,ALBA, JIMÉNEZ, GIMÉNEZ,AV. COPILCO ,308,27774,Cuauhtémoc,24-Jun-2015,scapron6q@bizjournals.com,5574116503,/home/fotos/foto3121.jpg
244,CARMEN, SANTOS, LÓPEZ,HEROES DE NACOZARI ,379,06638,Tlalpan,16-Aug-2017,pwaddy6r@nymag.com,5520665250,/home/fotos/foto4598.jpg
245,SIMEÓN, JIMÉNEZ, HERRERO,GALEANA ,488,37951,Iztapalapa,11-Dec-2018,ovalasek6s@vimeo.com,5544359395,/home/fotos/foto1925.jpg
246,OSCAR, CABRERA, NAVARRO,HUITZILIN ,399,72765,Tláhuac,28-Sep-2018,lpease6t@umn.edu,5548763064,/home/fotos/foto4618.jpg
247,PEDRO, CASTILLO, DÍAZ,PINARES ,442,08226,Tláhuac,27-May-2015,dscammonden6u@elegantthemes.com,5539971040,/home/fotos/foto2214.jpg
248,TERESA, GARRIDO, FLORES,CERRADA DE CUAUHTEMOC ,220,44327,Magdalena Contreras,18-Apr-2018,cwhiston6v@elegantthemes.com,5536997371,/home/fotos/foto6145.jpg
249,ODÓN, CASTRO, MÁRQUEZ,AV. TOLUCA ,473,72865,Magdalena Contreras,21-Apr-2015,iallett6w@mit.edu,5569811616,/home/fotos/foto7336.jpg
250,DIMAS, CRUZ, NAVARRO,5 DE MAYO ,244,39736,Tlalpan,16-Jan-2018,mmcclaughlin6x@cbc.ca,5520558171,/home/fotos/foto3087.jpg
251,FÁTIMA, JIMÉNEZ, BENÍTEZ,ALCANFORES ,406,92390,Benito Juárez,17-Sep-2018,jdrakers6y@squarespace.com,5583516330,/home/fotos/foto4456.jpg
252,ISMAEL, BRAVO, CAMPOS,ISABEL LA CATOLICA ,300,19910,Coyoacán,30-Jul-2016,dniche6z@microsoft.com,5582891259,/home/fotos/foto4362.jpg
253,SIRO, RODRÍGUEZ, MOYA,PALOMAR ,368,48106,Coyoacán,07-Nov-2017,bspiller70@vimeo.com,5567039460,/home/fotos/foto5916.jpg
254,BLAS, REY, MOYA,CHIMALPOPOCA ,36,40324,Venustiano Carranza,04-Aug-2018,aswains71@altervista.org,5511617488,/home/fotos/foto0299.jpg
255,GERARDO, SOTO, GONZÁLEZ,CERRO DOS CONEJOS ,488,75447,Milpa Alta,07-Jul-2018,tpelosi72@mac.com,5578657767,/home/fotos/foto8049.jpg
256,MATEO, ORTIZ, SOLER,BARRANCA ,390,51036,Álvaro Obregón,13-Nov-2018,mandrzej73@berkeley.edu,5505955356,/home/fotos/foto2949.jpg
257,NOELIA, CASTRO, CARRASCO,PARAJE ,483,04302,Milpa Alta,18-Nov-2015,hledwich74@taobao.com,5574978070,/home/fotos/foto2618.jpg
258,MÓNICA, FUENTES, MARTÍN,MONTE ALBAN ,96,60216,Venustiano Carranza,22-Sep-2016,drives75@imageshack.us,5584400220,/home/fotos/foto9908.jpg
259,ALIPIO, CABALLERO, GARRIDO,FRANCISCO JAVIER MINA ,146,68793,Iztapalapa,11-Oct-2017,bdezamora76@artisteer.com,5513998011,/home/fotos/foto2129.jpg
260,NURIA, SANTOS, TORRES,MANUEL DOBLADO ,380,75521,Azcapotzalco,09-Apr-2017,tpeachey77@bluehost.com,5561362699,/home/fotos/foto9481.jpg
261,ELISEO, MUÑOZ, CASTRO,CENZONTLE ,307,46365,Álvaro Obregón,13-Jul-2016,ptidbald78@yahoo.com,5598396834,/home/fotos/foto5229.jpg
262,SONIA, FERRER, DELGADO,RETORNO 9 DE TRONCOSO ,216,75684,Coyoacán,24-Nov-2017,rliddall79@sciencedirect.com,5566812672,/home/fotos/foto5859.jpg
263,GERTRUDIS, LOZANO, BLESA,REFORMA OBRERA ,439,62724,Venustiano Carranza,03-Dec-2015,hgrayston7a@artisteer.com,5592943350,/home/fotos/foto8921.jpg
264,BLAS, MOLINA, ORTIZ,AV JALISCO ,266,20615,Iztacalco,26-May-2018,padriaan7b@umn.edu,5535711747,/home/fotos/foto4645.jpg
265,CARMELO, MONTERO, VEGA,PRIVADA LIMONES ,287,28181,Benito Juárez,22-Aug-2015,zdonativo7c@flickr.com,5540633092,/home/fotos/foto9317.jpg
266,VALENTÍN, FLORES, GARRIDO,ESMERALDA ,104,56465,Azcapotzalco,16-Jul-2016,tmellonby7d@chron.com,5560266317,/home/fotos/foto3031.jpg
267,JOAQUÍM, CRESPO, LOZANO,TEKIT ,447,88180,Cuajimalpa de Morelos,18-May-2018,sbruck7e@bigcartel.com,5597660264,/home/fotos/foto3216.jpg
268,DÁMASO, SUÁREZ, DÍEZ,PIEDRA CALIZA ,112,15839,Miguel Hidalgo,30-Jan-2017,dlecornu7f@jugem.jp,5558718987,/home/fotos/foto5860.jpg
269,JONATHAN, TORRES, BLESA,ARRECIFE ,497,46217,Venustiano Carranza,25-Nov-2018,gevequot7g@zimbio.com,5591057589,/home/fotos/foto8494.jpg
270,AGUSTÍN, RUIZ, HERNÁNDEZ,CALLE 4 ,494,64037,Cuajimalpa de Morelos,18-Jun-2016,rsundin7h@tuttocitta.it,5579876680,/home/fotos/foto8157.jpg
271,ALIPIO, RUIZ, SÁEZ,CALLE PARROQUIA ,435,75985,Iztacalco,22-Dec-2016,gostrich7i@squidoo.com,5574420062,/home/fotos/foto0739.jpg
272,ALEJANDRO, CORTÉS, ROMERO,CALLE ZARAGOZA ,197,14095,Álvaro Obregón,01-Nov-2016,dwestlake7j@bloomberg.com,5547093914,/home/fotos/foto2277.jpg
273,HÉCTOR, RUIZ, MARTÍN,MONTE DE PIEDAD ,161,33377,Azcapotzalco,15-Nov-2015,bbiaggetti7k@aol.com,5571624940,/home/fotos/foto4876.jpg
274,ELISA, ORTIZ, RODRÍGUEZ,TEMALACA ,303,88860,Gustavo A. Madero,10-Apr-2017,mkilroy7l@drupal.org,5586077369,/home/fotos/foto8207.jpg
275,VLADIMIRO, FLORES, RODRÍGUEZ,ALMEJA ,55,26897,Tlalpan,18-Dec-2016,cassante7m@scribd.com,5525071501,/home/fotos/foto1166.jpg
276,DAVID, FLORES, RUBIO,DR ARCE ,170,02401,Gustavo A. Madero,10-Jul-2017,dbasillon7n@google.ca,5542094956,/home/fotos/foto1906.jpg
277,FERMÍN, VELASCO, PASCUAL,CERRADA JORGE ROJO LUGO ,452,27203,Benito Juárez,28-Dec-2015,esultan7o@howstuffworks.com,5529129594,/home/fotos/foto2691.jpg
278,ERNESTO, CRUZ, LÓPEZ,AV PACIFICO ,229,78210,Cuajimalpa de Morelos,12-Aug-2018,hdewick7p@quantcast.com,5562309134,/home/fotos/foto6431.jpg
279,BERNABÉ, DÍEZ, FLORES,ONOFRE CAPETO ,408,43738,Venustiano Carranza,14-Aug-2015,fnorthover7q@taobao.com,5578820796,/home/fotos/foto1544.jpg
280,MARTÍN, VEGA, MONTORO,CARRETERA PEREZ GASGA ,265,94403,Tlalpan,17-Mar-2017,jheeps7r@un.org,5504648004,/home/fotos/foto6681.jpg
281,PURIFICACIÓN, GUERRERO, BLESA,EJIDO MAGDALENA PETLACALCO ,497,31280,Álvaro Obregón,09-Mar-2017,ghanby7s@newsvine.com,5597187057,/home/fotos/foto7916.jpg
282,LINO, CALVO, CALVO,JESUS GARCIA MORALES ,30,07452,Cuajimalpa de Morelos,18-Nov-2015,gdorre7t@bing.com,5588199297,/home/fotos/foto1072.jpg
283,JUAN, GUTIÉRREZ, GUERRERO,GALEANA ,133,67048,Iztacalco,09-Jun-2016,mharse7u@uol.com.br,5591455063,/home/fotos/foto5540.jpg
284,DACIANO, PÉREZ, GUERRERO,FRACCIONAMIENTO LAS ARBOLEDAS ,203,94986,Iztacalco,08-Sep-2015,esplaven7v@abc.net.au,5535297705,/home/fotos/foto2136.jpg
285,DARIO, RAMOS, SANTOS,CARTILLA ,248,85351,Milpa Alta,13-Jun-2018,tlovekin7w@yahoo.co.jp,5582548439,/home/fotos/foto9573.jpg
286,CIRILO, GIMÉNEZ, MÁRQUEZ,PRIV. ABASOLO ,48,16607,Venustiano Carranza,28-Mar-2017,astork7x@soundcloud.com,5595403263,/home/fotos/foto7376.jpg
287,OTILIA, PARRA, MARTÍNEZ,AV. SAN LORENZO TEZONCO ,342,84533,Tláhuac,07-May-2018,krhubottom7y@addthis.com,5558502900,/home/fotos/foto7376.jpg
288,OSWALDO, VÁZQUEZ, CALVO,NESMEL ,18,12563,Coyoacán,10-Apr-2017,pleathes7z@newyorker.com,5565625708,/home/fotos/foto1991.jpg
289,IFIGENIA, ORTEGA, IGLESIAS,GABRIEL RAMOS MILLAN ,137,23568,Cuauhtémoc,10-Sep-2015,rspellard80@blogger.com,5595664742,/home/fotos/foto5866.jpg
290,LEONOR, IBÁÑEZ, PRIETO,LA VENTA CLAUSTRO TULIPANES ,22,88772,Magdalena Contreras,24-Apr-2017,gvear81@cnet.com,5578054243,/home/fotos/foto6018.jpg
291,CELINA, MARTÍNEZ, ARIAS,BALVANERA ,283,93972,Coyoacán,19-Jun-2015,gkesteven82@wordpress.org,5528466731,/home/fotos/foto6077.jpg
292,RITA, REYES, LORENZO,CERRADA DE CUAUHTEMOC ,466,80712,Álvaro Obregón,27-Nov-2015,ggibbons83@skyrock.com,5561103117,/home/fotos/foto8855.jpg
293,OTO, HERNÁNDEZ, MORENO,PARAJE ,243,68658,Magdalena Contreras,31-Jan-2017,ecrosland84@people.com.cn,5580158803,/home/fotos/foto1615.jpg
294,URBANO, PÉREZ, GARCÍA,TIBURCIO MONTIEL ,392,07611,Cuauhtémoc,14-Oct-2018,ebyk85@mail.ru,5558605234,/home/fotos/foto7011.jpg
295,MARÍA, SANTIAGO, GUERRERO,NUEVA YORK ,175,52021,Iztapalapa,15-Jan-2018,aburcombe86@elpais.com,5551778574,/home/fotos/foto1331.jpg
296,EUGENIO, DOMÍNGUEZ, MORALES,MIGUEL BARRAGAN ,204,36232,Cuajimalpa de Morelos,05-Sep-2018,selcy87@skype.com,5509415873,/home/fotos/foto8229.jpg
297,ARISTIDES, CABALLERO, CARMONA,2DA CERRADA DE LOMA LINDA ,499,97869,Tlalpan,25-Jan-2018,gnehlsen88@go.com,5575994857,/home/fotos/foto6170.jpg
298,MARINA, NIETO, CASTRO,BOULEVARD MALINTZI ,317,26292,Magdalena Contreras,26-Jul-2017,sbosch89@columbia.edu,5506158583,/home/fotos/foto5459.jpg
299,IRENEO, HERRERA, ÁLVAREZ,AV. RIO CHURUBUSCO ,75,27765,Magdalena Contreras,02-Nov-2018,pfeather8a@icio.us,5599899695,/home/fotos/foto6233.jpg
300,TRINIDAD, IBÁÑEZ, ÁLVAREZ,EMILIO LAURENT ,306,09731,Milpa Alta,08-Apr-2015,bjaggi8b@bbb.org,5559214460,/home/fotos/foto3506.jpg
301,JORGE, BLANCO, MARÍN,OLAS ALTAS ,426,00607,Venustiano Carranza,27-May-2018,autley8c@washingtonpost.com,5534285622,/home/fotos/foto7213.jpg
302,MOHAMED, CANO, LÓPEZ,LA VENTA CLAUSTRO TULIPANES ,69,83126,Tlalpan,02-Nov-2017,nsarl8d@cdc.gov,5518959586,/home/fotos/foto9038.jpg
303,ÁNGELA, NIETO, CRESPO,PRIVADA FARALLON ,101,19159,Magdalena Contreras,29-Apr-2018,kraoult8e@amazon.co.uk,5568449679,/home/fotos/foto8222.jpg
304,MERCEDES, IGLESIAS, PRIETO,NULL ,199,37034,Cuajimalpa de Morelos,18-May-2017,ddredge8f@github.io,5550939842,/home/fotos/foto7082.jpg
305,LOURDES, CAMBIL, SÁNCHEZ,NORTE 172 ,277,31811,Cuauhtémoc,05-Jun-2017,fetchingham8g@gizmodo.com,5579435712,/home/fotos/foto4629.jpg
306,RODRIGO, FERNÁNDEZ, PARRA,NUEVA TABACHIN ,449,74918,Álvaro Obregón,19-May-2018,elouche8h@prweb.com,5570527979,/home/fotos/foto5966.jpg
307,ESTEBAN, CABRERA, MORENO,LA VENTA CLAUSTRO TULIPANES ,109,04722,Miguel Hidalgo,13-May-2016,kmoreton8i@intel.com,5519097397,/home/fotos/foto0261.jpg
308,NARCISO, GONZÁLEZ, GIMÉNEZ,BULEVARD DE LA HACIENDA ,91,51019,Gustavo A. Madero,18-Mar-2018,dchurching8j@tiny.cc,5520596253,/home/fotos/foto7036.jpg
309,VERÓNICA, CANO, PRIETO,PLAYA HOR,453,53945,Benito Juárez,15-Jun-2018,gmccory8k@techcrunch.com,5571760025,/home/fotos/foto9432.jpg
310,DARIO, DÍAZ, SÁNCHEZ,CAMINO REAL AL AJUSCO ,429,61212,Milpa Alta,26-Mar-2018,mbazoge8l@ustream.tv,5518586261,/home/fotos/foto0398.jpg
311,LINO, RAMOS, SUÁREZ,AV. LA HUERTA ,179,20327,Iztapalapa,25-Oct-2015,hmurby8m@wiley.com,5537422243,/home/fotos/foto1191.jpg
312,JULIA, CARMONA, REY,LABORISTAS ,328,20488,Milpa Alta,12-Nov-2018,gciric8n@psu.edu,5513123192,/home/fotos/foto6879.jpg
313,FERNANDO, PASCUAL, BLESA,FRANCISCO LEIVA ,488,67647,Tlalpan,26-Feb-2015,bleydon8o@independent.co.uk,5559846622,/home/fotos/foto7727.jpg
314,VICENTA, GIMÉNEZ, MORALES,CDA DE MINAS ,423,80544,Tlalpan,15-Feb-2018,ffishbie8p@mlb.com,5548820542,/home/fotos/foto6499.jpg
315,RENATO, LEÓN, IBÁÑEZ,ARCO IRIS ,209,05219,Coyoacán,29-Feb-2016,pgiacomo8q@tiny.cc,5538647477,/home/fotos/foto8458.jpg
316,ELENA, CABRERA, MONTORO,AVENIDA SAUCES ,112,32261,Álvaro Obregón,30-Sep-2016,pdjurkovic8r@telegraph.co.uk,5548148276,/home/fotos/foto1544.jpg
317,JORGE, HERRERA, LÓPEZ,PLAZUELA 1 DE SAN PEDRO ,372,43458,Cuauhtémoc,06-Jun-2017,goddy8s@marketwatch.com,5525171664,/home/fotos/foto0328.jpg
318,HERACLIO, GARRIDO, MORA,CALZADA DE LA VIRGEN ,461,97323,Milpa Alta,28-Sep-2016,jjzhakov8t@google.com.hk,5518068415,/home/fotos/foto6453.jpg
319,OSEAS, MUÑOZ, DOMÍNGUEZ,DAVID R. SCOTT ,256,68686,Miguel Hidalgo,28-Jun-2016,chulburd8u@amazon.com,5577925822,/home/fotos/foto4004.jpg
320,RENATO, FERRER, MARTÍN,FRES,207,82901,Tlalpan,31-Dec-2017,tbernardt8v@yellowbook.com,5596684835,/home/fotos/foto1743.jpg
321,JORDI, SÁEZ, HIDALGO,AV. LAS TORRES ,369,03023,Magdalena Contreras,15-Nov-2016,ssewall8w@businessweek.com,5563711579,/home/fotos/foto2675.jpg
322,VANESA, CASTILLO, CRUZ,FRANCIA ,100,54328,Magdalena Contreras,22-May-2016,jemanuel8x@symantec.com,5565605004,/home/fotos/foto1652.jpg
323,CRISTIAN, RUBIO, RODRÍGUEZ,BARRANCA ,163,50281,Iztapalapa,02-Jul-2017,gshatford8y@purevolume.com,5588688444,/home/fotos/foto2838.jpg
324,VLADIMIRO, SOLER, CABRERA,TORRES QUINTERO ,238,98205,Iztacalco,14-Nov-2015,eosgood8z@narod.ru,5577534067,/home/fotos/foto6413.jpg
325,PASCUAL, GARCÍA, CRUZ,PROL AHUEJOTES ,269,78942,Iztapalapa,03-Nov-2017,rfogg90@wix.com,5566626081,/home/fotos/foto1024.jpg
