1,E20RM4S7,62,interno,82,18-Jul-2018
2,H9437F0P,61,externo,115,08-Sep-2017
3,VZ60RS5Q,69,externo,106,17-Apr-2017
4,D75BZ1UJ,141,externo,17,09-Nov-2017
5,V9DJ91OF,1,interno,56,11-Oct-2017
6,G8CEDJ1K,66,externo,40,14-Oct-2017
7,E20RM4S7,67,externo,130,26-Nov-2017
8,AA8TB9XK,126,externo,70,09-Sep-2018
9,KTU314B0,40,interno,46,11-Jan-2018
10,ZI0634G5,52,externo,141,05-Jun-2018
11,VZ60RS5Q,101,interno,131,28-Apr-2018
12,ZI0634G5,119,externo,141,16-Sep-2018
13,F628F1W4,44,interno,134,07-Mar-2017
14,B04JI43L,116,externo,88,28-Nov-2018
15,WQE3FI9X,127,externo,107,01-Mar-2017
16,AA8TB9XK,88,interno,86,29-Dec-2017
17,VZ60RS5Q,44,externo,44,04-Jul-2017
18,P49I80G2,50,externo,61,13-Oct-2018
19,BG6XX10S,99,interno,132,02-Dec-2017
20,Z47LW18Y,49,interno,105,07-Feb-2017
21,VZ60RS5Q,4,interno,53,10-Oct-2017
22,Z11P9PD4,74,interno,131,24-Apr-2018
23,S36TBZ3W,51,externo,7,24-Apr-2017
24,Z11P9PD4,102,externo,7,24-Sep-2017
25,Z56A5EH6,147,externo,107,14-Dec-2017
26,F628F1W4,23,interno,96,25-May-2017
27,VZ60RS5Q,80,interno,15,10-Oct-2018
28,K61P9GMK,58,interno,6,27-Dec-2017
29,G8CEDJ1K,124,interno,135,04-Mar-2017
30,J6U94U97,66,externo,42,12-Aug-2017
31,Z56A5EH6,16,externo,136,31-Jan-2018
32,BNTGV8CC,79,externo,60,13-Aug-2018
33,JP5UB00E,43,interno,109,17-Dec-2016
34,V9DJ91OF,78,externo,59,30-Jan-2018
35,P113QWLK,49,externo,9,08-Sep-2018
36,Z11P9PD4,84,externo,122,04-Mar-2017
37,M32M4Q3Q,54,interno,126,30-Sep-2017
38,PXQ1EU9L,92,interno,91,22-Mar-2018
39,H9437F0P,121,externo,80,13-Nov-2018
40,B04JI43L,54,interno,41,22-Feb-2017
41,Z11P9PD4,35,externo,60,10-Jul-2018
42,SF0IS5FR,102,interno,145,19-Aug-2017
43,AH1NNU9C,23,interno,85,03-Apr-2018
44,Z11P9PD4,92,externo,112,13-Dec-2018
45,P113QWLK,107,externo,8,27-Apr-2017
46,P49I80G2,103,interno,46,25-Mar-2018
47,S36TBZ3W,69,externo,123,16-Feb-2018
48,VJ71S889,52,externo,79,29-Oct-2018
49,BNTGV8CC,53,externo,9,14-Jun-2017
50,AH1NNU9C,9,interno,91,11-Mar-2018
51,V41642JM,18,interno,127,29-Apr-2017
52,ND12GJH0,93,externo,57,11-Jul-2017
53,JP5UB00E,142,interno,33,24-Sep-2017
54,VJ71S889,38,externo,46,17-Dec-2016
55,S3I68K38,131,externo,9,31-May-2018
56,S36TBZ3W,113,interno,58,24-Jan-2017
57,Z11P9PD4,15,interno,132,17-May-2018
58,WQE3FI9X,133,interno,88,23-Jun-2018
59,ND12GJH0,110,interno,49,29-Sep-2017
60,B04JI43L,2,interno,102,12-Nov-2018
61,G8CEDJ1K,35,interno,80,24-Nov-2017
62,Z5N5Z492,128,interno,108,14-Mar-2017
63,Z11P9PD4,7,externo,141,26-Nov-2018
64,WQE3FI9X,84,interno,51,01-Mar-2017
65,TP5GV69Z,66,interno,69,22-Jul-2017
66,VJ71S889,19,externo,49,23-Aug-2017
67,JP5UB00E,82,interno,101,24-Jul-2018
68,K61P9GMK,112,interno,112,24-Nov-2018
69,Z5N5Z492,107,interno,12,15-Apr-2017
70,OLLUMF8H,108,externo,89,16-Jul-2018
71,H9437F0P,132,externo,126,16-May-2018
72,FLYU687V,129,interno,123,30-Oct-2017
73,F628F1W4,53,interno,150,20-May-2018
74,H9437F0P,1,interno,113,21-May-2018
75,BG6XX10S,116,interno,56,08-Feb-2017
76,AH1NNU9C,114,interno,23,22-Jan-2017
77,TP5GV69Z,149,interno,18,17-Aug-2017
78,ND12GJH0,17,interno,71,10-Feb-2018
79,ETJFGVZU,23,externo,28,03-Sep-2018
80,S3I68K38,134,externo,16,06-Dec-2018
81,WQE3FI9X,31,externo,144,13-Jan-2018
82,S36TBZ3W,123,interno,75,31-Jul-2018
83,KTU314B0,9,externo,36,25-Sep-2017
84,YD83U0B4,119,interno,116,15-Sep-2017
85,F628F1W4,29,externo,33,17-Feb-2017
86,AA8TB9XK,41,interno,129,16-Feb-2018
87,VJ71S889,54,interno,21,08-Nov-2017
88,ETJFGVZU,134,interno,84,22-Mar-2017
89,SF0IS5FR,120,interno,15,04-Feb-2017
90,ZI0634G5,11,externo,29,28-Aug-2018
91,G8CEDJ1K,137,externo,108,08-May-2017
92,KHUMO4PG,57,externo,70,09-Dec-2018
93,V41642JM,120,externo,82,07-Jan-2017
94,ND12GJH0,40,interno,23,15-Mar-2018
95,KHUMO4PG,136,externo,67,14-Sep-2017
96,BG6XX10S,6,externo,77,24-Mar-2018
97,P49I80G2,77,interno,50,20-Nov-2017
98,UGBZ0P01,91,interno,100,23-Feb-2017
99,WQE3FI9X,107,interno,38,12-Dec-2017
100,YQKS9L8D,42,externo,139,22-Apr-2017
101,BG6XX10S,113,interno,114,30-Jul-2018
102,J6U94U97,65,interno,124,15-Jun-2017
103,LUBT1HY2,24,interno,71,31-Jan-2018
104,P5XXZ58K,69,interno,86,14-Nov-2018
105,K61P9GMK,135,externo,60,18-Nov-2017
106,Z94EMP91,126,externo,71,11-Nov-2017
107,Z94EMP91,110,externo,80,12-Feb-2018
108,K61P9GMK,68,externo,96,16-Oct-2017
109,RFA117JP,11,interno,61,27-Jul-2017
110,G8CEDJ1K,39,interno,80,05-Jul-2018
111,VZ60RS5Q,140,externo,21,26-Sep-2018
112,Z94EMP91,88,interno,133,16-Sep-2017
113,BG6XX10S,21,externo,87,25-Apr-2018
114,OCX7BFQM,136,interno,99,29-Apr-2018
115,P49I80G2,106,externo,129,29-May-2018
116,PXVF9H63,1,interno,25,25-Jun-2017
117,VJ71S889,146,interno,98,14-Aug-2018
118,VJ71S889,8,externo,66,16-Feb-2018
119,JP5UB00E,99,externo,95,20-Jul-2017
120,B04JI43L,104,interno,77,30-Jun-2017
121,P49I80G2,17,externo,97,15-Nov-2017
122,D75BZ1UJ,149,externo,99,12-Apr-2018
123,YQKS9L8D,63,externo,72,25-Aug-2018
124,SF0IS5FR,62,interno,133,10-Jun-2017
125,Z56A5EH6,68,externo,44,24-Nov-2017
126,Z94EMP91,50,interno,72,24-Dec-2016
127,P5XXZ58K,102,interno,96,05-Aug-2018
128,OLLUMF8H,104,externo,75,22-Apr-2018
129,F628F1W4,40,interno,59,09-Aug-2017
130,Z7F5508J,13,interno,101,17-Oct-2018
131,D75BZ1UJ,142,externo,13,21-Mar-2017
132,B04JI43L,117,externo,129,19-Mar-2018
133,Z94EMP91,45,interno,138,08-Jan-2018
134,K61P9GMK,93,externo,41,06-Apr-2018
135,AH1NNU9C,92,interno,16,17-Jan-2017
136,Z47LW18Y,118,interno,5,01-Jun-2017
137,P49I80G2,36,interno,41,21-Aug-2018
138,YD83U0B4,108,externo,13,23-Nov-2017
139,VJ71S889,112,externo,7,08-Feb-2018
140,U80V4S85,6,externo,112,20-Feb-2017
141,BNTGV8CC,90,interno,85,16-Dec-2017
142,WQE3FI9X,102,interno,130,17-Apr-2018
143,Z94EMP91,9,externo,111,28-Sep-2018
144,AA8TB9XK,83,externo,22,10-Nov-2018
145,SF0IS5FR,77,interno,83,25-May-2017
146,VZ60RS5Q,148,interno,145,17-May-2018
147,F3RCIG7F,21,externo,106,03-Aug-2018
148,PXQ1EU9L,83,externo,82,01-Feb-2018
149,PXVF9H63,110,externo,147,09-Jun-2018
150,ETJFGVZU,28,externo,114,16-Oct-2017
151,PXVF9H63,43,externo,123,06-Aug-2018
152,PXQ1EU9L,71,interno,19,13-Jun-2017
153,Z94EMP91,10,externo,111,24-Aug-2017
154,E20RM4S7,74,interno,40,27-Jul-2017
155,P49I80G2,31,interno,91,16-Nov-2018
156,Z56A5EH6,22,externo,9,19-Oct-2018
157,D75BZ1UJ,34,interno,58,21-Aug-2017
158,K61P9GMK,74,externo,105,20-May-2018
159,YQKS9L8D,115,interno,101,27-Apr-2018
160,YQKS9L8D,63,externo,19,12-Oct-2017
161,ND12GJH0,59,externo,99,25-Oct-2017
162,Z11P9PD4,20,interno,17,23-Nov-2017
163,PXQ1EU9L,40,externo,77,19-Mar-2018
164,WQE3FI9X,87,interno,146,19-Sep-2017
165,PXVF9H63,130,interno,8,17-May-2018
166,V41642JM,132,externo,80,26-Dec-2017
167,D75BZ1UJ,39,externo,84,16-Sep-2017
168,P49I80G2,35,externo,66,25-Feb-2017
169,B04JI43L,88,externo,61,28-Oct-2018
170,SF0IS5FR,122,externo,107,20-Jan-2018
171,AA8TB9XK,12,interno,118,03-Aug-2018
172,ND12GJH0,41,interno,117,07-Aug-2017
173,UGBZ0P01,133,interno,81,04-Oct-2018
174,S3I68K38,46,interno,142,25-Mar-2018
175,VZ60RS5Q,111,externo,35,01-May-2017
176,YQKS9L8D,72,externo,118,15-Nov-2017
177,UGBZ0P01,8,externo,137,27-Nov-2017
178,TP5GV69Z,13,interno,12,01-Dec-2018
179,PXQ1EU9L,65,interno,50,06-Feb-2017
180,AH1NNU9C,45,externo,34,21-Sep-2018
181,BG6XX10S,77,externo,88,02-Sep-2018
182,FLYU687V,131,externo,39,01-Jul-2018
183,P49I80G2,65,interno,58,27-Dec-2017
184,S3I68K38,88,interno,123,01-Aug-2017
185,ZB9795C5,14,externo,7,18-Jul-2017
186,YQKS9L8D,85,interno,57,11-Apr-2018
187,YQKS9L8D,33,externo,150,24-Apr-2018
188,PXQ1EU9L,126,externo,56,09-May-2018
189,ZI0634G5,137,interno,34,09-Dec-2017
190,P5XXZ58K,20,externo,131,05-Jul-2017
191,AA8TB9XK,146,externo,51,18-May-2017
192,F3RCIG7F,39,interno,107,11-Dec-2017
193,ND12GJH0,59,interno,32,29-Nov-2018
194,YD83U0B4,18,externo,26,06-Jun-2017
195,V41642JM,144,interno,33,28-Mar-2018
196,PXQ1EU9L,91,externo,15,01-Dec-2018
197,UGBZ0P01,97,interno,138,25-Oct-2018
198,OLLUMF8H,147,externo,28,24-Jul-2017
199,VZ60RS5Q,104,externo,48,23-Jul-2018
200,Z47LW18Y,69,interno,29,30-Aug-2017
201,YD83U0B4,123,interno,142,14-Dec-2018
202,Z7F5508J,108,externo,33,26-Dec-2016
203,Z5N5Z492,106,externo,71,25-Mar-2018
204,G8CEDJ1K,24,interno,36,07-Jun-2017
205,S36TBZ3W,37,interno,32,09-Feb-2017
206,ETJFGVZU,57,externo,20,14-Jan-2018
207,Z5N5Z492,47,interno,122,06-Aug-2017
208,PXQ1EU9L,33,externo,24,02-Sep-2017
209,S3I68K38,132,externo,98,24-Apr-2018
210,U80V4S85,47,interno,26,26-Feb-2018
211,Z47LW18Y,97,externo,40,24-Sep-2017
212,S3I68K38,122,externo,131,18-May-2018
213,ETJFGVZU,119,externo,61,26-Jul-2018
214,YQKS9L8D,6,interno,63,09-Jul-2017
215,H9437F0P,44,interno,130,22-Feb-2018
216,K61P9GMK,79,interno,94,16-Apr-2017
217,FLYU687V,27,externo,127,21-Nov-2018
218,Z47LW18Y,129,externo,89,19-Apr-2018
219,AA8TB9XK,93,externo,93,05-May-2017
220,LUBT1HY2,35,externo,147,24-Sep-2018
221,Z47LW18Y,7,externo,139,07-May-2018
222,J6U94U97,54,interno,35,27-Aug-2018
223,ZI0634G5,44,externo,28,26-Nov-2017
224,H9437F0P,116,interno,54,17-Dec-2016
225,U80V4S85,111,externo,143,28-Mar-2017
226,K61P9GMK,116,externo,30,17-Sep-2017
227,BNTGV8CC,41,interno,6,18-Oct-2018
228,S3I68K38,13,externo,53,13-Jan-2018
229,Z94EMP91,100,externo,105,19-Sep-2017
230,ZI0634G5,95,interno,55,23-Feb-2018
231,RFA117JP,114,externo,64,18-Nov-2017
232,VZ60RS5Q,24,interno,121,15-May-2018
233,F3RCIG7F,139,interno,83,22-Mar-2018
234,RFA117JP,51,interno,130,21-Jul-2017
235,ND12GJH0,77,externo,145,13-Mar-2018
236,RFA117JP,12,externo,123,18-Sep-2018
237,E20RM4S7,132,externo,76,01-Sep-2018
238,Z7F5508J,91,interno,147,29-Oct-2017
239,G8CEDJ1K,145,interno,53,29-Aug-2017
240,LUBT1HY2,118,externo,27,19-Jan-2018
241,AA8TB9XK,1,interno,90,06-Aug-2017
242,G8CEDJ1K,66,interno,19,20-Jan-2018
243,F628F1W4,33,externo,100,10-Nov-2018
244,K61P9GMK,20,interno,79,31-Dec-2017
245,KHUMO4PG,95,interno,13,23-Oct-2018
246,AA8TB9XK,140,externo,95,05-Nov-2018
247,KHUMO4PG,41,interno,58,17-Dec-2016
248,S36TBZ3W,98,externo,101,15-Sep-2018
249,VZ60RS5Q,126,externo,84,10-May-2018
250,D75BZ1UJ,136,externo,142,29-Nov-2018
251,JP5UB00E,134,externo,97,16-Oct-2018
252,P5XXZ58K,120,externo,51,10-Apr-2018
253,VZ60RS5Q,147,interno,24,23-May-2018
254,P113QWLK,90,interno,96,03-Nov-2018
255,J6U94U97,57,interno,129,31-Mar-2018
256,P5XXZ58K,94,externo,92,04-Mar-2017
257,WQE3FI9X,40,externo,113,17-Sep-2017
258,S3I68K38,123,interno,7,24-Feb-2018
259,BG6XX10S,127,interno,88,18-Jan-2018
260,TP5GV69Z,61,externo,105,06-Aug-2017
261,TP5GV69Z,61,interno,30,17-Mar-2018
262,SF0IS5FR,12,interno,75,21-Aug-2018
263,P49I80G2,74,interno,8,03-Apr-2017
264,BG6XX10S,104,externo,73,15-Aug-2018
265,OCX7BFQM,113,interno,20,04-Jan-2018
266,F628F1W4,15,externo,99,03-Jun-2018
267,RFA117JP,28,interno,72,02-Aug-2018
268,YD83U0B4,120,externo,106,30-Jul-2017
269,Z7F5508J,54,externo,24,11-Nov-2018
270,Z11P9PD4,48,externo,87,13-Jul-2018
271,UGBZ0P01,62,externo,81,17-Feb-2017
272,OCX7BFQM,90,interno,17,03-Nov-2018
273,WQE3FI9X,24,externo,135,07-Mar-2018
274,YD83U0B4,64,externo,142,14-Jul-2018
275,U80V4S85,107,interno,77,18-Oct-2017
276,BG6XX10S,48,externo,149,02-Aug-2017
277,H9437F0P,52,interno,23,04-Nov-2017
278,LUBT1HY2,120,interno,121,02-May-2017
279,ZI0634G5,2,interno,68,21-Aug-2017
280,BNTGV8CC,60,externo,95,02-Jul-2017
281,ZB9795C5,72,externo,61,23-Feb-2017
282,F628F1W4,9,externo,72,03-Oct-2018
283,OLLUMF8H,112,interno,11,24-Jul-2018
284,TP5GV69Z,3,interno,54,16-Nov-2017
285,V9DJ91OF,59,externo,84,15-Mar-2017
286,E20RM4S7,80,externo,14,16-Oct-2017
287,ZI0634G5,44,interno,53,22-Feb-2017
288,Z5N5Z492,79,interno,15,29-Mar-2017
289,Z56A5EH6,77,externo,55,08-May-2017
290,G8CEDJ1K,125,interno,22,14-Jan-2017
291,U80V4S85,115,interno,48,10-Sep-2018
292,AH1NNU9C,149,externo,24,18-Jul-2017
293,ZB9795C5,95,externo,117,22-Jan-2017
294,S36TBZ3W,58,interno,24,11-Dec-2017
295,Z11P9PD4,125,interno,59,14-Jan-2018
296,PXVF9H63,2,interno,7,28-Nov-2018
297,P49I80G2,87,externo,62,06-Mar-2018
298,FLYU687V,1,interno,118,28-Dec-2016
299,ND12GJH0,98,interno,6,10-Dec-2018
300,S3I68K38,79,interno,102,01-May-2017
301,YQKS9L8D,130,interno,35,09-Feb-2018
302,ZI0634G5,69,externo,105,03-Sep-2018
303,ZB9795C5,87,externo,31,13-Dec-2018
304,D75BZ1UJ,127,externo,102,26-May-2017
305,J6U94U97,14,interno,118,11-Dec-2018
306,OCX7BFQM,86,interno,21,14-Mar-2018
307,LUBT1HY2,96,externo,16,16-Sep-2018
308,E20RM4S7,93,externo,116,31-Aug-2018
309,S36TBZ3W,19,interno,11,12-Jun-2018
310,V41642JM,37,externo,126,27-Jul-2018
311,Z47LW18Y,105,interno,129,08-Sep-2017
312,PXQ1EU9L,96,interno,66,15-Aug-2018
313,Z5N5Z492,20,interno,98,04-Apr-2017
314,F3RCIG7F,38,interno,108,28-Oct-2017
315,E20RM4S7,110,interno,106,19-Sep-2017
316,KHUMO4PG,63,externo,22,03-Apr-2018
317,BNTGV8CC,121,externo,7,26-May-2018
318,D75BZ1UJ,142,externo,29,05-May-2017
319,AA8TB9XK,68,interno,87,25-Mar-2017
320,TP5GV69Z,1,interno,10,04-Jul-2018
321,KHUMO4PG,3,interno,77,31-Jul-2017
322,LUBT1HY2,47,interno,79,10-Dec-2018
323,F628F1W4,8,externo,30,05-Jan-2018
324,Z56A5EH6,52,interno,81,31-May-2018
325,B04JI43L,102,interno,36,12-Dec-2017
326,KTU314B0,39,externo,140,01-Jul-2018
327,G8CEDJ1K,74,externo,89,06-Nov-2017
328,S36TBZ3W,26,interno,147,15-Aug-2017
329,VZ60RS5Q,143,externo,93,19-May-2017
330,F3RCIG7F,79,interno,91,03-Mar-2017
331,E20RM4S7,120,interno,82,29-Jan-2018
332,RFA117JP,104,externo,8,24-Nov-2018
333,UGBZ0P01,68,externo,119,29-Dec-2016
334,F628F1W4,75,externo,138,14-Dec-2018
335,PXVF9H63,134,externo,5,29-Nov-2017
336,OCX7BFQM,117,interno,139,01-Feb-2018
337,OLLUMF8H,20,externo,14,15-Jun-2017
338,SF0IS5FR,49,externo,55,11-Oct-2018
339,G8CEDJ1K,30,externo,112,17-May-2018
340,OLLUMF8H,18,externo,19,04-Apr-2017
341,Z56A5EH6,107,interno,21,10-Oct-2018
342,AH1NNU9C,138,interno,5,01-Jul-2017
343,PXQ1EU9L,127,interno,137,29-Mar-2017
344,WQE3FI9X,44,externo,127,18-Sep-2017
345,S3I68K38,104,interno,90,05-Sep-2018
346,ZI0634G5,74,externo,87,07-Aug-2017
347,Z56A5EH6,80,externo,83,31-Jan-2017
348,S36TBZ3W,19,externo,86,23-Jun-2018
349,JP5UB00E,134,interno,129,28-Nov-2017
350,B04JI43L,116,externo,47,25-Jun-2017
351,S3I68K38,28,interno,15,11-Dec-2018
352,RFA117JP,49,interno,93,16-Nov-2017
353,ND12GJH0,57,externo,45,24-Apr-2018
354,YQKS9L8D,40,interno,80,05-Oct-2018
355,Z94EMP91,89,externo,136,01-Jan-2017
356,JP5UB00E,44,interno,113,20-Dec-2016
357,AA8TB9XK,22,externo,43,05-Feb-2018
358,Z11P9PD4,45,externo,20,14-Oct-2018
359,Z47LW18Y,124,interno,21,13-Apr-2017
360,YQKS9L8D,139,externo,15,29-Oct-2017
361,Z94EMP91,53,externo,10,26-Jul-2017
362,P49I80G2,1,externo,49,29-Jan-2018
363,K61P9GMK,82,externo,60,05-Jan-2018
364,S3I68K38,4,interno,116,16-Nov-2018
365,VJ71S889,109,externo,29,22-Apr-2017
366,Z7F5508J,92,interno,33,14-Apr-2017
367,PXVF9H63,109,externo,102,02-Feb-2018
368,G8CEDJ1K,103,externo,122,29-Mar-2018
369,JP5UB00E,68,interno,103,11-Feb-2017
370,B04JI43L,125,externo,113,05-Sep-2018
371,JP5UB00E,1,interno,79,05-Jun-2018
372,Z56A5EH6,110,interno,105,07-Mar-2018
373,BG6XX10S,55,externo,97,18-Sep-2018
374,G8CEDJ1K,117,externo,141,25-Nov-2018
375,LUBT1HY2,13,interno,77,13-Jan-2017
376,F3RCIG7F,68,externo,140,07-Dec-2018
377,YD83U0B4,113,externo,24,30-Jan-2017
378,D75BZ1UJ,70,interno,68,07-Sep-2018
379,YD83U0B4,83,interno,127,10-May-2018
380,ZB9795C5,33,interno,128,21-Apr-2018
381,B04JI43L,98,interno,142,20-Oct-2017
382,Z7F5508J,68,interno,78,22-Aug-2018
383,OLLUMF8H,42,interno,93,19-Jun-2017
384,KTU314B0,39,externo,75,23-Sep-2017
385,RFA117JP,143,externo,102,19-Dec-2017
386,KTU314B0,20,interno,125,31-Jan-2017
387,Z47LW18Y,66,interno,77,23-Dec-2016
388,Z5N5Z492,20,interno,12,10-Feb-2017
389,WQE3FI9X,34,interno,70,11-Dec-2017
390,B04JI43L,148,externo,127,08-Jun-2017
391,Z11P9PD4,148,interno,45,11-Jun-2017
392,ETJFGVZU,49,externo,65,06-May-2017
393,ETJFGVZU,18,externo,127,31-Jan-2017
394,Z56A5EH6,147,interno,69,15-Feb-2018
395,SF0IS5FR,11,externo,10,25-Jul-2018
396,D75BZ1UJ,36,externo,150,16-Jan-2018
397,VZ60RS5Q,25,interno,89,24-Nov-2017
398,OCX7BFQM,23,interno,101,06-Dec-2018
399,V41642JM,51,interno,55,22-Jul-2018
400,WQE3FI9X,72,externo,124,17-Aug-2017
401,AH1NNU9C,36,interno,39,16-Nov-2018
402,OCX7BFQM,48,externo,47,06-Feb-2017
403,S3I68K38,107,externo,42,06-Apr-2017
404,VJ71S889,52,externo,91,15-Mar-2017
405,M32M4Q3Q,150,interno,19,26-Feb-2018
406,JP5UB00E,79,externo,91,10-Sep-2018
407,LUBT1HY2,22,externo,58,27-Apr-2017
408,LUBT1HY2,8,externo,6,16-Oct-2018
409,YD83U0B4,38,interno,87,09-Feb-2017
410,BG6XX10S,12,externo,123,17-Feb-2018
411,ND12GJH0,49,interno,102,18-Feb-2017
412,P49I80G2,79,interno,88,10-Oct-2017
413,VZ60RS5Q,29,externo,146,19-Jan-2018
414,JP5UB00E,105,externo,40,11-Aug-2017
415,F628F1W4,48,externo,95,13-Dec-2018
416,D75BZ1UJ,38,interno,16,22-Apr-2018
417,S36TBZ3W,40,externo,136,25-Jun-2018
418,V41642JM,32,externo,37,25-Oct-2018
419,PXQ1EU9L,59,interno,8,18-Nov-2018
420,S36TBZ3W,24,externo,146,20-Apr-2018
421,Z5N5Z492,89,interno,21,29-Mar-2017
422,ZI0634G5,116,interno,115,05-Mar-2017
423,VJ71S889,43,externo,103,20-Apr-2017
424,RFA117JP,144,externo,60,30-Sep-2017
425,F628F1W4,25,externo,126,25-Jul-2017
426,G8CEDJ1K,107,interno,98,27-Apr-2017
427,YQKS9L8D,73,externo,6,04-Jul-2018
428,D75BZ1UJ,115,externo,128,11-Nov-2018
429,PXQ1EU9L,140,externo,58,10-Apr-2018
430,H9437F0P,89,interno,7,22-Sep-2017
431,E20RM4S7,38,externo,108,24-Jan-2018
432,PXVF9H63,146,interno,91,01-Apr-2018
433,E20RM4S7,22,interno,129,05-Apr-2018
434,WQE3FI9X,92,externo,42,04-Apr-2017
435,VZ60RS5Q,96,interno,79,06-Apr-2017
436,VZ60RS5Q,80,externo,11,14-Feb-2017
437,RFA117JP,112,externo,75,25-Oct-2018
438,P113QWLK,103,interno,77,26-Jan-2017
439,M32M4Q3Q,19,interno,29,27-Dec-2017
440,KHUMO4PG,94,externo,16,13-Aug-2017
441,M32M4Q3Q,129,externo,59,11-Aug-2018
442,LUBT1HY2,49,interno,28,03-Jun-2017
443,S36TBZ3W,101,interno,145,23-Aug-2017
444,JP5UB00E,69,interno,110,26-Jan-2018
445,S36TBZ3W,123,interno,117,17-Jan-2018
446,Z5N5Z492,106,externo,121,02-Feb-2018
447,D75BZ1UJ,30,interno,145,27-Jan-2017
448,P49I80G2,22,interno,72,19-Apr-2017
449,Z5N5Z492,137,interno,83,14-Jun-2017
450,F628F1W4,58,externo,15,21-Jun-2017
451,D75BZ1UJ,104,externo,134,27-Mar-2018
452,U80V4S85,76,externo,26,08-Jan-2018
453,VZ60RS5Q,82,interno,58,25-Aug-2017
454,KHUMO4PG,6,externo,112,30-Mar-2018
455,V41642JM,55,interno,127,24-Jul-2018
456,Z47LW18Y,72,externo,127,06-Feb-2017
457,LUBT1HY2,112,interno,114,30-Nov-2018
458,V41642JM,66,externo,121,19-Jul-2017
459,S3I68K38,21,interno,117,28-May-2018
460,KHUMO4PG,135,interno,125,19-Feb-2017
461,JP5UB00E,81,interno,53,11-Jul-2018
462,P49I80G2,68,externo,17,27-Sep-2018
463,Z56A5EH6,130,interno,61,06-Nov-2018
464,G8CEDJ1K,139,externo,94,27-Apr-2018
465,P5XXZ58K,48,externo,37,28-Apr-2017
466,E20RM4S7,29,externo,33,13-Mar-2018
467,KTU314B0,47,externo,7,10-Nov-2018
468,YD83U0B4,59,interno,121,03-Oct-2018
469,SF0IS5FR,28,externo,124,23-Dec-2017
470,FLYU687V,103,externo,76,02-Dec-2017
471,OLLUMF8H,134,interno,78,02-Sep-2017
472,ZB9795C5,126,externo,26,18-Dec-2017
473,E20RM4S7,79,externo,18,21-Jan-2017
474,P49I80G2,97,interno,35,26-May-2018
475,YD83U0B4,15,interno,79,08-Sep-2017
476,ZI0634G5,10,externo,54,21-Oct-2017
477,E20RM4S7,2,interno,149,04-Nov-2018
478,ZI0634G5,10,externo,111,06-Apr-2017
479,E20RM4S7,129,interno,45,11-Nov-2017
480,OLLUMF8H,118,interno,19,20-Dec-2017
481,S36TBZ3W,103,externo,9,23-Sep-2017
482,M32M4Q3Q,91,interno,34,01-Mar-2018
483,WQE3FI9X,130,interno,89,05-Aug-2017
484,V9DJ91OF,141,interno,78,14-Feb-2017
485,ZI0634G5,2,externo,77,03-Oct-2017
486,Z11P9PD4,80,interno,147,21-Oct-2017
487,D75BZ1UJ,125,interno,9,23-May-2018
488,Z47LW18Y,111,interno,13,28-Apr-2018
489,S3I68K38,124,externo,100,25-Feb-2018
490,WQE3FI9X,47,interno,83,03-Jul-2018
491,ZI0634G5,16,externo,92,23-Dec-2016
492,UGBZ0P01,121,interno,144,11-Sep-2018
493,Z56A5EH6,38,externo,43,08-Sep-2018
494,AA8TB9XK,119,interno,49,04-Jun-2018
495,AH1NNU9C,111,interno,33,01-Jun-2017
496,FLYU687V,105,interno,114,29-Sep-2018
497,Z5N5Z492,77,externo,62,31-Jan-2017
498,K61P9GMK,54,externo,133,10-Jul-2017
499,BG6XX10S,48,externo,90,30-Oct-2018
500,VZ60RS5Q,68,externo,14,10-Jan-2017
501,VZ60RS5Q,81,externo,22,23-Aug-2018
502,ND12GJH0,100,externo,33,12-Aug-2017
503,ND12GJH0,22,interno,95,05-Dec-2018
504,VJ71S889,45,externo,118,05-Jul-2017
505,SF0IS5FR,144,externo,41,26-Feb-2018
506,ZB9795C5,118,externo,140,10-Jan-2018
507,Z47LW18Y,97,interno,104,08-Jul-2018
508,M32M4Q3Q,16,externo,88,17-May-2018
509,Z94EMP91,66,externo,107,08-Jul-2017
510,OLLUMF8H,99,externo,98,09-Feb-2017
511,F3RCIG7F,82,externo,144,24-Jun-2017
512,KTU314B0,19,externo,42,24-Sep-2017
513,JP5UB00E,43,externo,88,26-Sep-2018
514,ZB9795C5,14,externo,90,08-Aug-2017
515,Z56A5EH6,61,interno,72,29-Aug-2018
516,Z5N5Z492,63,externo,13,30-May-2018
517,P113QWLK,24,externo,67,28-Apr-2018
518,K61P9GMK,100,externo,39,17-Oct-2018
519,OLLUMF8H,123,interno,73,07-Dec-2018
520,P113QWLK,85,interno,134,01-Mar-2018
521,P5XXZ58K,104,interno,131,18-Jul-2018
522,OCX7BFQM,7,externo,69,18-Nov-2018
523,U80V4S85,130,interno,118,27-Feb-2017
524,YQKS9L8D,15,interno,81,10-Apr-2018
525,ND12GJH0,106,interno,138,28-Aug-2017
526,F3RCIG7F,99,interno,124,05-May-2018
527,RFA117JP,69,interno,11,29-Dec-2017
528,VJ71S889,73,interno,83,04-Apr-2017
529,S3I68K38,60,interno,149,26-Feb-2017
530,U80V4S85,122,externo,65,12-Jun-2017
531,Z47LW18Y,140,interno,149,07-Nov-2018
532,Z5N5Z492,112,interno,68,06-Oct-2018
533,Z5N5Z492,3,externo,62,03-Feb-2017
534,VZ60RS5Q,137,externo,85,27-Nov-2018
535,E20RM4S7,15,interno,39,06-Nov-2018
536,AH1NNU9C,11,externo,110,22-Mar-2017
537,SF0IS5FR,54,externo,59,23-Jan-2017
538,OLLUMF8H,90,interno,141,28-Nov-2017
539,RFA117JP,9,interno,49,17-Feb-2018
540,OCX7BFQM,119,interno,127,03-Sep-2017
541,WQE3FI9X,131,externo,13,28-Jan-2018
542,ETJFGVZU,38,externo,9,09-Apr-2017
543,ETJFGVZU,61,externo,22,26-Feb-2018
544,LUBT1HY2,107,interno,102,29-Dec-2016
545,J6U94U97,72,externo,60,10-Mar-2018
546,ND12GJH0,79,externo,98,23-Mar-2018
547,Z11P9PD4,150,externo,76,11-Jan-2018
548,P49I80G2,51,externo,137,22-Dec-2017
549,YD83U0B4,121,interno,12,24-Feb-2018
550,KTU314B0,5,externo,8,14-Oct-2017
551,H9437F0P,1,externo,140,15-Jun-2018
552,F3RCIG7F,13,externo,108,14-Jun-2017
553,AA8TB9XK,6,interno,50,17-Jan-2017
554,P49I80G2,13,interno,12,31-Oct-2018
555,Z5N5Z492,1,externo,119,15-Jun-2017
556,Z5N5Z492,114,interno,43,13-Jan-2017
557,ND12GJH0,17,externo,81,10-May-2017
558,Z11P9PD4,41,interno,86,13-Mar-2017
559,D75BZ1UJ,133,externo,77,28-Feb-2018
560,ND12GJH0,4,interno,13,27-Sep-2018
561,KTU314B0,66,interno,42,19-Aug-2018
562,P49I80G2,145,externo,48,18-Sep-2017
563,G8CEDJ1K,8,interno,124,25-Apr-2017
564,AH1NNU9C,119,interno,21,11-Oct-2018
565,Z94EMP91,127,interno,49,21-Jun-2017
566,ND12GJH0,40,externo,19,15-Jan-2017
567,LUBT1HY2,107,externo,111,28-Aug-2018
568,AA8TB9XK,102,externo,26,03-Mar-2018
569,P49I80G2,26,interno,69,19-Aug-2018
570,ETJFGVZU,47,externo,7,20-Sep-2017
571,SF0IS5FR,143,interno,56,27-Feb-2017
572,TP5GV69Z,56,interno,49,30-Apr-2018
573,RFA117JP,72,interno,61,21-Nov-2017
574,YD83U0B4,6,externo,132,01-May-2017
575,Z5N5Z492,80,interno,99,26-Dec-2016
576,V41642JM,5,interno,76,16-May-2018
577,Z5N5Z492,14,interno,108,13-Nov-2017
578,S3I68K38,97,interno,140,29-Jan-2018
579,AH1NNU9C,14,interno,113,19-Dec-2016
580,Z47LW18Y,26,interno,102,23-Nov-2017
581,F3RCIG7F,60,externo,63,01-Nov-2017
582,S3I68K38,100,externo,74,16-Nov-2017
583,U80V4S85,119,externo,40,18-Feb-2018
584,LUBT1HY2,57,interno,49,04-Aug-2018
585,ZB9795C5,84,externo,140,25-Feb-2018
586,ND12GJH0,13,externo,118,09-Sep-2018
587,BNTGV8CC,73,interno,127,14-Jun-2018
588,D75BZ1UJ,76,interno,26,27-Dec-2016
589,RFA117JP,10,externo,141,18-Feb-2018
590,ETJFGVZU,19,interno,64,07-Apr-2018
591,JP5UB00E,98,interno,18,19-Sep-2018
592,WQE3FI9X,125,interno,107,10-Nov-2017
593,S36TBZ3W,12,interno,5,20-Dec-2017
594,P49I80G2,18,externo,132,22-Oct-2018
595,F3RCIG7F,137,interno,65,24-Nov-2017
596,OLLUMF8H,66,interno,20,19-Jan-2017
597,ETJFGVZU,16,interno,85,21-Feb-2018
598,PXQ1EU9L,88,interno,92,23-May-2018
599,ZI0634G5,119,externo,99,13-Aug-2018
600,P113QWLK,25,externo,25,28-Feb-2017
601,S3I68K38,13,externo,83,24-Jun-2017
602,FLYU687V,19,interno,93,15-Nov-2017
603,S36TBZ3W,128,externo,74,17-Mar-2018
604,ZI0634G5,15,interno,134,06-Jul-2018
605,U80V4S85,40,interno,16,29-Aug-2018
606,B04JI43L,104,interno,68,26-Mar-2017
607,S3I68K38,60,externo,108,23-May-2017
608,K61P9GMK,5,externo,10,30-Sep-2018
609,K61P9GMK,33,externo,46,03-May-2017
610,BG6XX10S,102,interno,128,24-Jan-2017
611,YQKS9L8D,34,externo,39,09-Mar-2017
612,J6U94U97,146,interno,27,14-Jun-2017
613,E20RM4S7,67,externo,17,28-Jun-2017
614,ZI0634G5,85,externo,60,09-Mar-2018
615,JP5UB00E,52,externo,132,30-Apr-2017
616,Z47LW18Y,69,externo,67,23-Dec-2017
617,V41642JM,88,externo,79,07-Feb-2018
618,VZ60RS5Q,49,interno,74,02-Jul-2017
619,YQKS9L8D,53,interno,45,27-Jan-2017
620,M32M4Q3Q,82,externo,115,27-Nov-2017
621,BG6XX10S,84,externo,17,18-May-2017
622,F628F1W4,133,externo,130,12-Apr-2017
623,F3RCIG7F,92,interno,132,18-Feb-2017
624,FLYU687V,60,externo,111,10-Dec-2018
625,V9DJ91OF,4,interno,13,06-Aug-2018
626,V9DJ91OF,4,externo,120,02-Feb-2017
627,Z5N5Z492,25,interno,103,16-Oct-2017
628,OCX7BFQM,13,interno,97,22-Jan-2018
629,F628F1W4,37,interno,29,06-Sep-2018
630,YQKS9L8D,115,externo,58,28-Sep-2017
631,H9437F0P,130,externo,62,22-Dec-2017
632,KTU314B0,34,externo,139,02-Aug-2018
633,RFA117JP,36,interno,20,05-Dec-2017
634,Z56A5EH6,101,externo,48,27-Jul-2018
635,U80V4S85,68,interno,31,28-Feb-2018
636,M32M4Q3Q,86,externo,126,07-Jul-2017
637,Z56A5EH6,146,externo,91,08-Oct-2017
638,P5XXZ58K,137,externo,107,24-May-2017
639,YQKS9L8D,141,interno,82,31-Jul-2018
640,OCX7BFQM,115,externo,54,15-Nov-2018
641,B04JI43L,84,externo,59,01-Dec-2018
642,F628F1W4,103,externo,46,24-Sep-2017
643,BG6XX10S,1,interno,97,18-Feb-2018
644,VZ60RS5Q,112,externo,63,22-Jul-2018
645,ETJFGVZU,85,externo,63,31-Oct-2018
646,B04JI43L,42,interno,80,07-Jul-2018
647,KHUMO4PG,127,interno,65,22-Mar-2018
648,F628F1W4,93,externo,43,14-Dec-2018
649,Z5N5Z492,123,interno,44,13-Nov-2018
650,G8CEDJ1K,2,externo,125,18-Jun-2017
651,WQE3FI9X,45,interno,130,11-May-2017
652,U80V4S85,48,externo,102,06-Feb-2017
653,G8CEDJ1K,68,interno,139,25-Feb-2018
654,ETJFGVZU,92,interno,143,09-Dec-2017
655,AH1NNU9C,104,interno,145,17-Jun-2017
656,Z56A5EH6,38,interno,106,22-Jun-2018
657,E20RM4S7,105,externo,32,10-Apr-2017
658,ND12GJH0,92,externo,19,03-Nov-2017
659,OLLUMF8H,23,externo,93,22-Jan-2017
660,FLYU687V,124,interno,149,20-Nov-2018
661,E20RM4S7,91,interno,26,04-Oct-2018
662,BG6XX10S,11,externo,68,09-Jul-2018
663,Z56A5EH6,90,externo,135,08-Apr-2017
664,G8CEDJ1K,8,externo,112,11-Aug-2017
665,P5XXZ58K,27,externo,23,17-Nov-2018
666,D75BZ1UJ,17,externo,9,26-May-2017
667,BG6XX10S,14,interno,111,11-Jan-2017
668,U80V4S85,104,externo,141,30-Dec-2016
669,S3I68K38,130,externo,134,25-Mar-2017
670,S3I68K38,116,interno,25,22-Sep-2018
671,ETJFGVZU,4,interno,26,21-Dec-2017
672,OCX7BFQM,124,interno,144,23-May-2018
673,D75BZ1UJ,43,externo,33,06-Oct-2017
674,J6U94U97,65,interno,22,21-Jul-2018
675,RFA117JP,83,interno,137,01-Nov-2018
676,U80V4S85,149,interno,122,26-Jul-2018
677,S36TBZ3W,40,interno,132,28-Jun-2017
678,BG6XX10S,57,interno,84,23-Oct-2017
679,V9DJ91OF,90,externo,77,11-Nov-2018
680,Z94EMP91,28,interno,56,02-Nov-2018
681,K61P9GMK,105,interno,14,27-Nov-2018
682,WQE3FI9X,64,externo,59,22-Oct-2018
683,LUBT1HY2,50,interno,38,28-Nov-2017
684,KTU314B0,117,interno,13,26-Dec-2016
685,S3I68K38,6,externo,29,11-Nov-2017
686,VZ60RS5Q,100,externo,34,31-Aug-2018
687,VJ71S889,59,externo,21,31-Jul-2017
688,Z7F5508J,14,externo,82,15-Apr-2017
689,J6U94U97,20,externo,76,01-Mar-2018
690,VZ60RS5Q,132,interno,31,27-Oct-2018
691,ETJFGVZU,129,interno,145,27-Feb-2017
692,J6U94U97,21,interno,93,12-Jul-2017
693,Z5N5Z492,83,interno,70,25-Dec-2016
694,Z94EMP91,140,interno,32,22-Nov-2017
695,J6U94U97,6,externo,129,22-Jul-2018
696,P49I80G2,57,externo,62,03-Aug-2017
697,V41642JM,78,interno,143,26-Apr-2017
698,Z11P9PD4,64,interno,49,18-Jan-2018
699,G8CEDJ1K,143,externo,84,15-Aug-2017
700,JP5UB00E,90,interno,24,19-Aug-2017
701,AA8TB9XK,18,externo,110,21-Oct-2018
702,ETJFGVZU,115,interno,136,29-Aug-2018
703,H9437F0P,112,externo,90,31-Aug-2017
704,AA8TB9XK,20,interno,16,11-Feb-2017
705,P113QWLK,96,externo,115,04-Jan-2017
706,OCX7BFQM,133,externo,124,22-Apr-2017
707,ZI0634G5,122,externo,65,20-Jul-2018
708,E20RM4S7,83,externo,12,25-Apr-2018
709,JP5UB00E,75,externo,44,01-Oct-2018
710,P113QWLK,92,externo,67,26-Jul-2018
711,Z56A5EH6,14,interno,60,13-Jul-2017
712,Z11P9PD4,53,externo,82,08-Nov-2018
713,E20RM4S7,92,externo,79,09-Jul-2018
714,ZI0634G5,15,externo,71,01-Jul-2018
715,FLYU687V,106,externo,82,05-Feb-2017
716,V41642JM,67,interno,108,29-Dec-2016
717,B04JI43L,7,interno,103,06-Dec-2017
718,D75BZ1UJ,62,interno,141,28-Jul-2018
719,ND12GJH0,98,externo,47,10-Feb-2018
720,WQE3FI9X,141,externo,110,19-May-2017
721,G8CEDJ1K,70,interno,71,13-Mar-2017
722,ZI0634G5,45,externo,126,10-Feb-2018
723,PXVF9H63,103,externo,58,26-Sep-2018
724,G8CEDJ1K,112,interno,25,20-Apr-2018
725,VJ71S889,110,interno,71,29-Apr-2017
726,VJ71S889,65,interno,52,19-Jan-2018
727,Z56A5EH6,110,interno,10,21-Jul-2018
728,BG6XX10S,74,externo,73,06-Aug-2017
729,V9DJ91OF,90,externo,149,25-Nov-2017
730,Z47LW18Y,33,interno,35,24-Jul-2018
731,E20RM4S7,148,interno,45,06-Apr-2018
732,JP5UB00E,69,externo,32,21-Feb-2018
733,E20RM4S7,17,interno,38,14-Mar-2018
734,B04JI43L,75,externo,64,27-Sep-2017
735,V41642JM,129,interno,121,05-Mar-2018
736,P5XXZ58K,129,externo,35,02-Apr-2018
737,ZB9795C5,132,interno,110,19-Dec-2017
738,E20RM4S7,69,externo,111,25-Dec-2017
739,KTU314B0,121,interno,66,03-Feb-2017
740,G8CEDJ1K,76,interno,61,12-Oct-2017
741,KHUMO4PG,2,externo,135,15-Feb-2018
742,LUBT1HY2,96,interno,117,05-Oct-2017
743,PXQ1EU9L,22,externo,116,25-May-2017
744,F628F1W4,36,externo,110,22-May-2017
745,U80V4S85,49,externo,45,26-Jan-2018
746,BNTGV8CC,112,interno,20,17-Mar-2018
747,Z56A5EH6,79,externo,42,07-Feb-2018
748,VJ71S889,38,interno,141,17-Nov-2018
749,ND12GJH0,142,externo,149,21-Nov-2017
750,AA8TB9XK,4,externo,25,12-Mar-2018
751,ND12GJH0,125,interno,128,18-May-2018
752,UGBZ0P01,40,interno,137,31-Dec-2017
753,G8CEDJ1K,78,interno,93,13-Nov-2018
754,Z7F5508J,84,externo,91,21-May-2017
755,LUBT1HY2,150,interno,124,14-Nov-2017
756,YD83U0B4,117,externo,57,23-Nov-2018
757,AA8TB9XK,86,interno,125,23-Apr-2018
758,V9DJ91OF,20,interno,90,11-Oct-2018
759,J6U94U97,32,interno,69,29-Aug-2017
760,V41642JM,135,externo,53,29-Mar-2017
761,ZI0634G5,126,interno,144,21-Nov-2017
762,PXQ1EU9L,16,externo,6,25-Dec-2017
763,P113QWLK,65,interno,57,02-Jul-2018
764,U80V4S85,111,externo,145,02-Feb-2017
765,P5XXZ58K,47,interno,107,21-Apr-2017
766,M32M4Q3Q,136,interno,33,19-Oct-2017
767,Z94EMP91,137,interno,150,28-Jun-2018
768,VZ60RS5Q,35,externo,93,17-Feb-2018
769,V41642JM,24,externo,36,20-Dec-2017
770,K61P9GMK,80,externo,81,28-Feb-2017
771,WQE3FI9X,122,interno,63,25-Dec-2016
772,S3I68K38,102,externo,138,27-Mar-2017
773,YD83U0B4,129,externo,21,21-Jul-2018
774,H9437F0P,146,interno,73,20-Sep-2018
775,J6U94U97,69,externo,80,27-Jan-2017
776,V9DJ91OF,87,externo,44,05-Jul-2018
777,M32M4Q3Q,91,externo,43,15-Feb-2018
778,KHUMO4PG,143,externo,136,23-Feb-2018
779,KHUMO4PG,150,interno,140,17-Feb-2018
780,D75BZ1UJ,86,externo,135,16-Oct-2018
781,AA8TB9XK,23,externo,96,24-Jun-2017
782,D75BZ1UJ,76,externo,109,18-Aug-2017
783,JP5UB00E,86,interno,31,21-Aug-2017
784,RFA117JP,1,externo,57,15-Feb-2017
785,ETJFGVZU,138,externo,119,24-Aug-2017
786,P49I80G2,149,interno,7,13-Apr-2017
787,YD83U0B4,17,interno,17,08-Apr-2017
788,YD83U0B4,114,interno,123,13-Jul-2017
789,BNTGV8CC,83,externo,130,04-Feb-2018
790,WQE3FI9X,105,externo,54,20-May-2017
791,WQE3FI9X,121,interno,48,10-Dec-2017
792,BG6XX10S,68,interno,42,17-Apr-2017
793,D75BZ1UJ,18,externo,21,19-Jan-2018
794,KHUMO4PG,30,externo,129,24-Jun-2017
795,H9437F0P,41,externo,121,18-Mar-2018
796,ETJFGVZU,25,interno,49,03-Aug-2018
797,TP5GV69Z,124,externo,70,05-Aug-2018
798,J6U94U97,109,interno,134,23-Nov-2018
799,S36TBZ3W,13,externo,66,10-Feb-2017
800,B04JI43L,2,externo,117,19-Jul-2017
801,Z94EMP91,62,interno,40,17-Aug-2017
802,U80V4S85,12,externo,145,31-May-2017
803,YQKS9L8D,44,interno,66,03-Jan-2017
804,BG6XX10S,96,externo,39,03-Oct-2018
805,S36TBZ3W,14,interno,48,20-Jun-2017
806,ZI0634G5,114,externo,143,13-Apr-2018
807,Z94EMP91,75,interno,19,30-Mar-2018
808,JP5UB00E,98,externo,67,17-Jun-2017
809,SF0IS5FR,52,externo,136,16-Jan-2017
810,ETJFGVZU,12,interno,38,26-Feb-2017
811,P49I80G2,84,interno,100,27-Apr-2018
812,F628F1W4,95,interno,40,30-Apr-2017
813,AH1NNU9C,19,externo,9,28-Mar-2017
814,LUBT1HY2,107,externo,54,23-Dec-2017
815,J6U94U97,100,interno,35,05-Dec-2017
816,Z56A5EH6,134,externo,93,17-Mar-2017
817,AA8TB9XK,60,externo,142,29-Mar-2018
818,G8CEDJ1K,133,externo,80,17-Jan-2017
819,Z11P9PD4,132,interno,65,25-Nov-2018
820,V9DJ91OF,47,externo,6,20-Jun-2018
821,Z7F5508J,11,interno,102,20-Feb-2017
822,WQE3FI9X,51,externo,29,25-Jul-2018
823,S36TBZ3W,113,externo,102,19-Mar-2017
824,Z94EMP91,42,interno,109,27-Jun-2018
825,M32M4Q3Q,89,interno,107,17-Sep-2017
826,ZI0634G5,137,externo,146,25-Nov-2017
827,BG6XX10S,19,externo,18,04-Feb-2018
828,ZI0634G5,149,externo,103,07-Dec-2018
829,J6U94U97,42,externo,90,04-Jun-2017
830,Z47LW18Y,68,interno,128,28-Mar-2017
831,U80V4S85,134,interno,73,22-Jul-2017
832,B04JI43L,35,interno,96,20-Aug-2017
833,ND12GJH0,27,externo,93,27-Sep-2018
834,J6U94U97,66,externo,48,12-May-2017
835,TP5GV69Z,96,interno,59,17-Feb-2017
836,AH1NNU9C,82,interno,147,08-Sep-2018
837,YD83U0B4,82,interno,100,20-Jan-2017
838,ETJFGVZU,124,externo,86,10-Jun-2017
839,F628F1W4,51,interno,136,28-Oct-2018
840,JP5UB00E,140,externo,47,16-May-2018
841,S36TBZ3W,43,externo,74,14-Nov-2017
842,B04JI43L,7,interno,66,12-Jun-2017
843,G8CEDJ1K,39,interno,108,28-Apr-2017
844,VZ60RS5Q,13,interno,66,22-Dec-2017
845,Z47LW18Y,46,interno,40,16-May-2017
846,Z5N5Z492,68,externo,65,11-Oct-2017
847,V9DJ91OF,63,externo,42,15-Aug-2018
848,S3I68K38,100,interno,35,16-Feb-2017
849,KHUMO4PG,145,externo,38,10-Apr-2017
850,BNTGV8CC,137,externo,7,29-May-2017
851,FLYU687V,36,externo,21,08-Sep-2018
852,ETJFGVZU,83,interno,57,14-Dec-2018
853,K61P9GMK,16,externo,149,06-Nov-2018
854,KTU314B0,117,interno,91,01-Apr-2018
855,LUBT1HY2,122,externo,6,13-Jun-2018
856,UGBZ0P01,83,externo,11,11-Apr-2018
857,ETJFGVZU,77,interno,131,29-Nov-2018
858,ETJFGVZU,49,interno,61,13-Jan-2017
859,PXVF9H63,7,interno,125,17-Jan-2017
860,PXQ1EU9L,92,externo,61,22-Dec-2016
861,VJ71S889,50,interno,109,03-May-2018
862,LUBT1HY2,92,externo,65,10-Nov-2018
863,Z47LW18Y,35,interno,75,26-Aug-2018
864,PXQ1EU9L,84,interno,90,08-May-2018
865,B04JI43L,144,externo,74,25-Jun-2018
866,PXVF9H63,95,externo,38,11-Nov-2017
867,Z7F5508J,150,interno,47,21-Jun-2018
868,P5XXZ58K,37,interno,68,08-May-2018
869,Z94EMP91,107,interno,129,13-Apr-2017
870,PXQ1EU9L,142,interno,132,21-Aug-2018
871,Z47LW18Y,148,interno,74,01-Feb-2018
872,ND12GJH0,27,interno,121,01-Mar-2018
873,S3I68K38,90,externo,54,21-Jan-2018
874,F3RCIG7F,4,interno,111,07-Aug-2018
875,RFA117JP,24,interno,18,24-Jun-2018
876,PXVF9H63,41,externo,56,15-Oct-2018
877,S3I68K38,80,externo,119,08-Jun-2018
878,M32M4Q3Q,33,externo,56,28-Dec-2016
879,M32M4Q3Q,108,externo,27,05-Dec-2017
880,Z56A5EH6,107,externo,45,19-Jul-2018
881,ETJFGVZU,67,interno,112,29-Apr-2018
882,S36TBZ3W,89,interno,119,02-Mar-2018
883,ZB9795C5,114,externo,33,22-Jul-2017
884,Z5N5Z492,116,interno,22,06-Oct-2017
885,VJ71S889,10,interno,46,26-Jan-2017
886,BG6XX10S,58,interno,22,30-Aug-2018
887,ETJFGVZU,93,interno,145,06-Oct-2017
888,ZI0634G5,58,interno,129,07-Jul-2018
889,B04JI43L,136,interno,9,09-Feb-2018
890,J6U94U97,53,externo,115,19-Jul-2018
891,LUBT1HY2,58,externo,116,25-Sep-2018
892,Z11P9PD4,88,interno,24,28-Dec-2016
893,SF0IS5FR,21,externo,113,22-Jun-2018
894,RFA117JP,38,externo,65,05-Aug-2017
895,Z94EMP91,37,interno,118,17-Mar-2017
896,KTU314B0,127,externo,50,20-Oct-2018
897,Z5N5Z492,20,interno,129,13-Mar-2018
898,ND12GJH0,65,externo,46,04-Jan-2017
899,JP5UB00E,55,interno,150,29-Sep-2017
900,V41642JM,31,externo,15,27-Oct-2018
901,FLYU687V,102,interno,55,25-May-2018
902,F3RCIG7F,124,interno,53,30-Oct-2018
903,AH1NNU9C,139,interno,99,23-May-2017
904,BNTGV8CC,77,interno,123,02-Jun-2017
905,Z5N5Z492,4,interno,43,08-Apr-2017
906,ZB9795C5,90,interno,118,04-Apr-2018
907,P113QWLK,132,interno,40,10-Aug-2018
908,P49I80G2,122,externo,131,05-Jan-2018
909,TP5GV69Z,87,interno,47,05-Apr-2018
910,UGBZ0P01,50,externo,23,04-Feb-2018
911,B04JI43L,86,externo,46,19-Jan-2017
912,D75BZ1UJ,24,interno,95,23-Feb-2018
913,AA8TB9XK,108,interno,150,22-May-2017
914,FLYU687V,4,externo,122,15-Jul-2018
915,M32M4Q3Q,45,externo,46,25-Dec-2017
916,Z11P9PD4,68,externo,138,23-May-2018
917,K61P9GMK,100,interno,15,08-Oct-2017
918,BG6XX10S,58,interno,58,23-May-2017
919,Z56A5EH6,141,interno,89,11-Feb-2017
920,Z5N5Z492,111,interno,126,01-Jul-2018
921,SF0IS5FR,142,externo,78,15-Oct-2017
922,Z11P9PD4,54,interno,88,25-Sep-2017
923,P5XXZ58K,125,externo,30,18-May-2017
924,E20RM4S7,14,interno,144,17-May-2018
925,SF0IS5FR,117,interno,42,05-Nov-2017
926,OLLUMF8H,40,externo,98,17-Aug-2017
927,U80V4S85,9,interno,116,13-Nov-2017
928,PXQ1EU9L,83,interno,9,22-Feb-2018
929,J6U94U97,105,externo,56,17-May-2017
930,RFA117JP,46,externo,76,08-Apr-2017
931,V41642JM,76,interno,50,04-Jan-2017
932,J6U94U97,54,externo,84,23-Feb-2018
933,YQKS9L8D,137,externo,5,09-Jul-2018
934,U80V4S85,1,externo,24,03-Nov-2017
935,Z56A5EH6,57,externo,32,21-Feb-2017
936,P113QWLK,146,externo,143,15-Sep-2017
937,Z47LW18Y,108,externo,132,04-Nov-2017
938,Z11P9PD4,124,externo,124,18-Jul-2017
939,VJ71S889,124,externo,100,26-Nov-2017
940,KHUMO4PG,99,externo,40,26-Dec-2017
941,VZ60RS5Q,64,externo,46,12-Apr-2018
942,VZ60RS5Q,56,externo,55,03-Jul-2018
943,D75BZ1UJ,145,externo,132,24-Aug-2017
944,KTU314B0,68,interno,52,11-Jan-2018
945,BG6XX10S,131,interno,6,20-Feb-2017
946,LUBT1HY2,124,externo,22,30-Aug-2018
947,FLYU687V,92,interno,66,25-May-2017
948,KTU314B0,48,externo,69,06-Feb-2018
949,YQKS9L8D,130,externo,110,01-Nov-2017
950,BNTGV8CC,79,interno,96,29-Oct-2017
951,LUBT1HY2,134,interno,102,05-Feb-2018
952,BNTGV8CC,97,externo,73,22-Jul-2017
953,Z5N5Z492,80,interno,90,07-Nov-2017
954,OLLUMF8H,13,externo,46,20-Aug-2018
955,F3RCIG7F,134,externo,98,19-Mar-2017
956,V41642JM,48,externo,90,03-Oct-2018
957,BNTGV8CC,74,interno,63,12-Apr-2017
958,Z94EMP91,74,externo,147,14-Nov-2018
959,OCX7BFQM,49,interno,108,07-Nov-2017
960,BNTGV8CC,130,externo,25,10-Sep-2017
961,PXQ1EU9L,112,externo,51,02-Jan-2017
962,OCX7BFQM,117,externo,16,10-Jan-2018
963,P113QWLK,46,interno,24,17-Apr-2018
964,G8CEDJ1K,101,interno,119,22-Jun-2017
965,Z94EMP91,34,externo,30,09-Feb-2017
966,WQE3FI9X,64,interno,58,07-Apr-2018
967,WQE3FI9X,14,externo,35,23-May-2018
968,RFA117JP,122,externo,79,02-Feb-2017
969,P5XXZ58K,109,interno,73,19-Jun-2017
970,ZI0634G5,73,externo,75,02-Apr-2017
971,E20RM4S7,81,externo,68,12-Oct-2017
972,Z94EMP91,67,externo,23,26-Feb-2017
973,SF0IS5FR,42,interno,127,10-May-2018
974,TP5GV69Z,56,interno,102,13-Sep-2018
975,P5XXZ58K,38,externo,99,03-Aug-2017
976,BG6XX10S,139,externo,35,20-Oct-2017
977,VZ60RS5Q,102,interno,22,01-Dec-2018
978,ND12GJH0,83,interno,31,07-Nov-2017
979,G8CEDJ1K,148,externo,83,23-Apr-2018
980,RFA117JP,130,interno,115,19-Jul-2017
981,VJ71S889,9,externo,14,15-Nov-2018
982,F3RCIG7F,123,externo,50,29-Jul-2018
983,KTU314B0,3,externo,40,11-Jan-2017
984,PXQ1EU9L,115,interno,123,13-Aug-2018
985,P5XXZ58K,27,externo,131,10-Oct-2017
986,S36TBZ3W,88,interno,75,18-Oct-2017
987,V41642JM,109,interno,145,07-Jan-2017
988,J6U94U97,55,externo,47,11-Jan-2017
989,D75BZ1UJ,127,interno,12,04-Mar-2017
990,Z5N5Z492,43,interno,129,19-Apr-2018
991,V41642JM,108,interno,67,23-Oct-2018
992,LUBT1HY2,23,interno,103,26-Nov-2018
993,B04JI43L,33,interno,142,16-Sep-2018
994,JP5UB00E,64,interno,148,10-Aug-2018
995,ND12GJH0,106,externo,13,02-Dec-2018
996,E20RM4S7,4,interno,92,03-Nov-2018
997,ZI0634G5,30,interno,98,30-Sep-2017
998,U80V4S85,27,externo,18,09-Nov-2018
999,VZ60RS5Q,57,externo,82,03-Nov-2017
1000,S36TBZ3W,78,externo,79,23-Sep-2018
1001,E20RM4S7,45,interno,74,25-Dec-2016
1002,AA8TB9XK,149,interno,78,22-Aug-2018
1003,D75BZ1UJ,41,externo,94,20-May-2018
1004,RFA117JP,43,externo,68,04-Nov-2017
1005,VJ71S889,114,interno,81,20-May-2018
1006,F628F1W4,92,interno,36,28-Jun-2018
1007,JP5UB00E,116,externo,83,04-Nov-2017
1008,Z11P9PD4,136,externo,137,26-Feb-2017
1009,B04JI43L,123,externo,50,24-Jan-2017
1010,P49I80G2,31,externo,139,28-Jan-2017
1011,ZI0634G5,44,externo,73,01-Feb-2018
1012,F628F1W4,108,interno,148,24-May-2018
1013,P113QWLK,85,externo,48,13-Mar-2017
1014,Z56A5EH6,104,externo,26,06-Jun-2017
1015,KHUMO4PG,45,interno,91,23-Dec-2017
1016,KTU314B0,69,interno,8,13-Jan-2018
1017,K61P9GMK,38,externo,54,26-Jun-2017
1018,AH1NNU9C,116,externo,103,18-Sep-2018
1019,ZB9795C5,37,externo,150,20-Oct-2018
1020,ETJFGVZU,44,externo,61,21-Aug-2017
1021,B04JI43L,20,externo,23,08-Oct-2017
1022,YD83U0B4,134,externo,16,08-May-2018
1023,OLLUMF8H,79,interno,143,18-Apr-2017
1024,LUBT1HY2,100,interno,116,26-Oct-2017
1025,Z56A5EH6,114,externo,10,18-Mar-2018
1026,TP5GV69Z,36,externo,52,19-Mar-2017
1027,Z94EMP91,40,interno,124,19-Sep-2017
1028,ZI0634G5,124,interno,36,29-Jun-2017
1029,PXVF9H63,50,interno,134,22-Jul-2018
1030,P113QWLK,27,externo,40,13-May-2018
1031,B04JI43L,122,interno,66,06-Nov-2018
1032,M32M4Q3Q,146,interno,50,27-Feb-2018
1033,BNTGV8CC,104,interno,50,27-Jun-2017
1034,F628F1W4,56,interno,17,24-Jan-2018
1035,BG6XX10S,84,interno,50,30-May-2017
1036,F628F1W4,137,interno,116,08-Jul-2018
1037,Z7F5508J,64,interno,15,27-Nov-2017
1038,AH1NNU9C,97,externo,13,27-Jun-2018
1039,PXVF9H63,128,externo,135,08-Nov-2017
1040,LUBT1HY2,32,interno,111,19-Oct-2018
1041,F628F1W4,68,externo,81,23-Jan-2017
1042,PXVF9H63,125,externo,94,15-Jun-2017
1043,K61P9GMK,111,externo,13,13-Dec-2017
1044,F628F1W4,12,externo,21,21-Oct-2018
1045,VZ60RS5Q,135,interno,104,20-Nov-2018
1046,LUBT1HY2,26,externo,69,15-Oct-2017
1047,BNTGV8CC,82,externo,30,22-Sep-2018
1048,U80V4S85,54,externo,75,04-Sep-2018
1049,LUBT1HY2,120,interno,52,18-Jun-2017
1050,Z47LW18Y,47,externo,19,04-Sep-2018
1051,S3I68K38,148,externo,128,25-Mar-2018
1052,VZ60RS5Q,121,externo,70,05-Dec-2018
1053,BG6XX10S,64,externo,108,29-Aug-2017
1054,SF0IS5FR,44,externo,20,16-Aug-2017
1055,YD83U0B4,103,interno,62,11-Oct-2017
1056,AH1NNU9C,41,interno,79,23-Mar-2018
1057,Z94EMP91,118,interno,61,06-Jan-2017
1058,KTU314B0,59,interno,90,09-Sep-2017
1059,AH1NNU9C,129,externo,103,02-Mar-2017
1060,TP5GV69Z,107,interno,85,07-Jun-2018
1061,VJ71S889,77,externo,102,07-Dec-2017
1062,YD83U0B4,76,interno,30,22-Jun-2017
1063,BNTGV8CC,142,externo,9,31-Aug-2017
1064,E20RM4S7,43,externo,65,29-Jun-2018
1065,SF0IS5FR,37,interno,146,07-Feb-2018
1066,P113QWLK,103,interno,43,17-Mar-2017
1067,UGBZ0P01,2,interno,54,14-Oct-2017
1068,S36TBZ3W,89,externo,76,13-Jun-2017
1069,YD83U0B4,65,interno,99,18-Feb-2017
1070,TP5GV69Z,54,interno,22,03-Oct-2018
1071,YD83U0B4,2,interno,10,19-Jan-2017
1072,D75BZ1UJ,43,externo,136,03-Jun-2017
1073,F3RCIG7F,15,externo,92,12-Sep-2017
1074,P49I80G2,86,externo,115,25-Nov-2017
1075,JP5UB00E,11,interno,39,23-May-2017
1076,P113QWLK,135,interno,105,20-Oct-2018
1077,U80V4S85,139,externo,38,15-Aug-2018
1078,JP5UB00E,109,interno,118,26-Jun-2018
1079,P113QWLK,85,externo,46,06-Nov-2018
1080,F628F1W4,21,externo,15,30-Dec-2016
1081,JP5UB00E,50,externo,118,29-Oct-2018
1082,ZB9795C5,130,interno,85,30-Dec-2017
1083,H9437F0P,64,interno,52,27-Jan-2018
1084,D75BZ1UJ,52,externo,68,25-May-2017
1085,H9437F0P,67,interno,113,11-Mar-2017
1086,B04JI43L,79,interno,114,13-Jul-2017
1087,F3RCIG7F,28,externo,12,16-Jul-2018
1088,Z94EMP91,55,externo,120,12-Jan-2017
1089,UGBZ0P01,150,interno,103,30-Jul-2018
1090,RFA117JP,86,externo,139,26-Jul-2017
1091,M32M4Q3Q,23,externo,36,01-Feb-2018
1092,S3I68K38,23,interno,51,13-Feb-2018
1093,P5XXZ58K,37,interno,50,24-Aug-2017
1094,G8CEDJ1K,101,externo,148,26-Dec-2016
1095,J6U94U97,83,externo,7,08-Feb-2017
1096,OLLUMF8H,150,interno,93,29-Dec-2017
1097,Z56A5EH6,121,interno,48,05-Feb-2017
1098,YD83U0B4,42,interno,95,01-Jan-2017
1099,M32M4Q3Q,109,externo,132,01-Dec-2017
1100,F3RCIG7F,26,interno,59,02-Sep-2017
1101,KHUMO4PG,119,interno,78,13-Apr-2017
1102,KTU314B0,65,interno,66,10-Dec-2017
1103,AH1NNU9C,32,externo,55,06-Mar-2017
1104,P5XXZ58K,112,interno,103,15-Mar-2017
1105,LUBT1HY2,117,interno,21,28-Nov-2018
1106,E20RM4S7,77,interno,46,09-May-2017
1107,ND12GJH0,130,interno,36,12-Mar-2017
1108,G8CEDJ1K,33,externo,56,23-Sep-2018
1109,KHUMO4PG,65,externo,9,23-Mar-2017
1110,D75BZ1UJ,25,interno,115,27-Jun-2018
1111,Z5N5Z492,24,interno,47,14-Sep-2017
1112,Z56A5EH6,94,interno,29,13-Mar-2018
1113,VZ60RS5Q,115,interno,76,22-Jun-2018
1114,WQE3FI9X,75,externo,8,31-May-2018
1115,M32M4Q3Q,137,interno,70,22-Dec-2017
1116,OLLUMF8H,12,externo,132,17-Jul-2018
1117,OCX7BFQM,25,externo,60,21-Aug-2017
1118,LUBT1HY2,100,externo,133,25-Oct-2018
1119,S36TBZ3W,11,externo,36,26-Jun-2017
1120,BNTGV8CC,120,interno,82,30-Dec-2017
1121,V9DJ91OF,18,interno,36,07-Mar-2017
1122,K61P9GMK,22,externo,8,06-Aug-2018
1123,Z11P9PD4,102,interno,141,11-Mar-2018
1124,SF0IS5FR,114,externo,118,29-Aug-2017
1125,KTU314B0,146,externo,19,19-Jun-2017
1126,PXVF9H63,71,interno,83,29-Jul-2018
1127,P5XXZ58K,131,interno,78,24-Aug-2018
1128,Z5N5Z492,38,interno,47,10-Mar-2017
1129,F3RCIG7F,118,externo,147,27-Aug-2017
1130,ZI0634G5,8,externo,128,28-Feb-2017
1131,WQE3FI9X,61,externo,109,25-Jan-2017
1132,P49I80G2,102,interno,56,12-Apr-2018
1133,PXQ1EU9L,121,interno,54,11-Oct-2018
1134,LUBT1HY2,55,interno,149,05-Aug-2017
1135,VJ71S889,29,interno,128,30-Jul-2018
1136,KTU314B0,3,externo,40,30-May-2018
1137,YQKS9L8D,46,externo,80,06-Oct-2018
1138,Z7F5508J,14,interno,79,25-Dec-2017
1139,Z11P9PD4,7,externo,19,05-Apr-2017
1140,Z5N5Z492,30,externo,83,21-Apr-2018
1141,S36TBZ3W,109,externo,9,24-Mar-2017
1142,RFA117JP,69,externo,62,24-Nov-2018
1143,P49I80G2,90,interno,55,14-May-2017
1144,PXQ1EU9L,146,externo,99,05-Apr-2018
1145,J6U94U97,39,interno,88,15-Sep-2018
1146,Z5N5Z492,52,externo,69,27-Dec-2016
1147,Z56A5EH6,14,interno,111,12-Aug-2018
1148,G8CEDJ1K,122,interno,117,10-Aug-2018
1149,WQE3FI9X,84,interno,82,07-Mar-2018
1150,F3RCIG7F,63,interno,28,03-May-2017
1151,P49I80G2,70,interno,46,03-Dec-2017
1152,KHUMO4PG,135,externo,104,29-Jun-2018
1153,Z7F5508J,110,externo,34,21-Sep-2017
1154,VZ60RS5Q,97,externo,149,25-Sep-2017
1155,PXVF9H63,130,externo,63,24-Jan-2018
1156,F3RCIG7F,34,interno,145,28-Aug-2017
1157,U80V4S85,47,interno,145,23-Apr-2017
1158,ND12GJH0,129,externo,137,24-Aug-2018
1159,J6U94U97,100,externo,116,05-Feb-2018
1160,H9437F0P,97,interno,19,09-Apr-2017
1161,UGBZ0P01,143,interno,59,10-Jun-2017
1162,LUBT1HY2,7,interno,66,08-Apr-2018
1163,LUBT1HY2,124,interno,119,13-Jan-2017
1164,RFA117JP,29,interno,38,13-Jan-2018
1165,SF0IS5FR,55,interno,15,30-Oct-2018
1166,P49I80G2,99,interno,140,29-Aug-2018
1167,ETJFGVZU,97,interno,90,17-Nov-2017
1168,S36TBZ3W,43,externo,102,17-Jun-2017
1169,P113QWLK,7,externo,33,20-Oct-2018
1170,ZB9795C5,149,externo,12,24-Mar-2017
1171,FLYU687V,114,interno,40,12-Jun-2018
1172,Z56A5EH6,18,interno,103,01-May-2018
1173,B04JI43L,107,interno,45,14-May-2017
1174,KTU314B0,2,interno,5,05-Jul-2017
1175,E20RM4S7,52,interno,83,09-Jan-2017
1176,F628F1W4,101,interno,89,24-Oct-2017
1177,Z7F5508J,40,externo,61,08-Jan-2017
1178,KHUMO4PG,13,interno,61,26-Apr-2017
1179,F628F1W4,36,interno,38,02-Aug-2018
1180,BNTGV8CC,36,externo,111,18-Feb-2018
1181,OLLUMF8H,72,interno,43,18-Oct-2017
1182,BNTGV8CC,126,interno,29,18-Sep-2017
1183,AH1NNU9C,111,interno,91,19-Jun-2017
1184,AH1NNU9C,135,externo,111,22-Oct-2018
1185,K61P9GMK,2,interno,24,29-May-2017
1186,G8CEDJ1K,145,interno,115,23-May-2018
1187,Z5N5Z492,82,interno,133,16-May-2018
1188,YQKS9L8D,133,interno,99,11-Jan-2018
1189,J6U94U97,30,externo,92,14-Jan-2018
1190,BNTGV8CC,114,externo,50,17-Mar-2018
1191,YD83U0B4,28,externo,150,14-Aug-2017
1192,PXQ1EU9L,114,externo,22,25-Nov-2018
1193,KHUMO4PG,11,interno,106,31-Jul-2018
1194,AH1NNU9C,41,externo,40,02-Aug-2018
1195,E20RM4S7,65,externo,51,05-Sep-2017
1196,Z11P9PD4,74,externo,24,08-May-2017
1197,RFA117JP,119,interno,11,25-Jul-2018
1198,P5XXZ58K,7,interno,63,05-Jul-2017
1199,F3RCIG7F,101,externo,21,25-Jun-2018
1200,YD83U0B4,20,externo,134,29-Dec-2016
