1,R900Z5T0,74,N,0,0,externo,83,N,02-Sep-2017
2,J3J343OM,24,N,0,0,interno,86,N,15-Sep-2017
3,C9C91B0D,77,N,0,0,interno,117,N,28-Jul-2018
4,U588U7NL,15,N,0,0,externo,63,N,09-Jan-2018
5,MP166CKE,93,N,0,0,interno,110,N,23-Nov-2017
6,S3Y181RS,81,N,0,0,externo,22,N,23-Dec-2016
7,J3J343OM,22,N,0,0,externo,140,N,09-Feb-2018
8,GOC5ZI3H,57,N,0,0,interno,100,N,12-Apr-2018
9,YMXYQU0P,27,N,0,0,interno,25,N,18-Feb-2017
10,T69K9A18,79,N,0,0,externo,131,N,07-Sep-2017
11,KW2DHUI5,67,N,0,0,interno,145,N,16-Nov-2018
12,B9NX9PQ8,49,N,0,0,externo,138,N,19-Mar-2017
13,XZ3F3K96,4,N,0,0,externo,92,N,16-Nov-2017
14,D7HKXA7A,66,N,0,0,interno,6,N,08-May-2017
15,S4U1EIA6,82,N,0,0,externo,108,N,15-Feb-2018
16,YMXYQU0P,19,N,0,0,externo,37,N,26-May-2017
17,GOC5ZI3H,10,N,0,0,externo,116,N,24-Feb-2017
18,LU11N645,87,N,0,0,interno,44,N,21-Jul-2017
19,N1AKJ8P5,11,N,0,0,interno,120,N,22-Sep-2018
20,TXEV64YX,24,N,0,0,interno,125,N,28-Feb-2017
21,R5V5BNMF,58,N,0,0,externo,58,N,06-Nov-2017
22,EX7Z0O96,100,N,0,0,interno,133,N,18-Oct-2017
23,LU11N645,99,N,0,0,externo,19,N,08-Feb-2018
24,Y3L31C18,57,N,0,0,externo,141,N,23-May-2018
25,GYMA6DT5,5,N,0,0,interno,89,N,27-Aug-2017
26,SSOZVHVC,50,N,0,0,interno,139,N,28-Mar-2017
27,SMZGG44P,15,N,0,0,interno,41,N,09-Jan-2018
28,ZA6LC3PQ,72,N,0,0,externo,77,N,22-Aug-2018
29,DZYW1HW9,56,N,0,0,externo,69,N,26-Nov-2017
30,EX7Z0O96,54,N,0,0,interno,145,N,04-Dec-2017
31,LU11N645,97,N,0,0,externo,50,N,04-Jul-2018
32,YK7P7I99,35,N,0,0,interno,142,N,08-Mar-2017
33,YK7P7I99,26,N,0,0,interno,97,N,19-Oct-2018
34,J3J343OM,14,N,0,0,interno,10,N,05-Sep-2017
35,CANAR7J0,13,N,0,0,externo,34,N,27-Jun-2017
36,HBFWP7QQ,24,N,0,0,externo,98,N,05-Aug-2017
37,RTH1CKX8,92,N,0,0,interno,114,N,01-Mar-2018
38,ZT629SN7,11,N,0,0,externo,78,N,15-Aug-2017
39,LN6U69Z6,33,N,0,0,interno,150,N,30-Jun-2018
40,LU11N645,59,N,0,0,interno,71,N,08-May-2018
41,S4U1EIA6,22,N,0,0,interno,63,N,05-Nov-2017
42,G84O86K6,72,N,0,0,interno,108,N,24-Sep-2018
43,Q3U08259,90,N,0,0,interno,80,N,11-Nov-2018
44,C4M7RYT5,66,N,0,0,interno,141,N,16-Nov-2018
45,KW2DHUI5,18,N,0,0,interno,120,N,19-Sep-2018
46,HBFWP7QQ,40,N,0,0,interno,46,N,13-Jul-2017
47,J3J343OM,6,N,0,0,interno,119,N,15-May-2018
48,YMXYQU0P,4,N,0,0,externo,87,N,11-Jan-2017
49,W29FF1ME,30,N,0,0,interno,16,N,22-Jun-2018
50,RTH1CKX8,23,N,0,0,interno,64,N,23-Sep-2017
51,JCQNP9P0,89,N,0,0,externo,79,N,14-Aug-2017
52,J3J343OM,91,N,0,0,interno,59,N,27-Mar-2018
53,SMZGG44P,92,N,0,0,interno,71,N,12-Dec-2018
54,LU11N645,82,N,0,0,externo,13,N,20-Dec-2017
55,RL1F1900,39,N,0,0,interno,128,N,13-Jun-2018
56,ZA0EGN20,36,N,0,0,externo,115,N,28-Jul-2017
57,YK7P7I99,96,N,0,0,externo,68,N,28-Jun-2018
58,U588U7NL,98,N,0,0,externo,40,N,22-Mar-2017
59,QCO75924,45,N,0,0,externo,108,N,27-Jan-2018
60,Y7GX6X3Y,31,N,0,0,interno,122,N,01-Sep-2018
61,LN6U69Z6,69,N,0,0,interno,87,N,11-Sep-2017
62,B9NX9PQ8,47,N,0,0,interno,117,N,12-Nov-2017
63,U987SI42,98,N,0,0,interno,18,N,03-May-2018
64,N1AKJ8P5,91,N,0,0,externo,134,N,25-Feb-2017
65,EX7Z0O96,97,N,0,0,externo,72,N,27-Feb-2017
66,JN24S7HA,59,N,0,0,interno,149,N,09-Apr-2017
67,I2EPC281,78,N,0,0,interno,12,N,29-Nov-2018
68,A1Z0OX83,2,N,0,0,externo,139,N,02-Jul-2017
69,U15T3B58,15,N,0,0,externo,28,N,09-Sep-2017
70,LU11N645,46,N,0,0,interno,71,N,22-Aug-2017
71,GYMA6DT5,58,N,0,0,interno,119,N,24-May-2018
72,XO5EER3A,22,N,0,0,externo,137,N,19-May-2018
73,UX8N109O,38,N,0,0,interno,61,N,15-Jul-2018
74,C9C91B0D,41,N,0,0,interno,11,N,15-Nov-2017
75,RTH1CKX8,45,N,0,0,interno,106,N,28-Nov-2018
76,QCO75924,75,N,0,0,interno,36,N,16-May-2018
77,K0F90INC,14,N,0,0,externo,69,N,03-Jan-2017
78,LN6U69Z6,91,N,0,0,externo,133,N,07-Jun-2018
79,ZNE2S15V,58,N,0,0,externo,6,N,30-Sep-2017
80,B0455B46,93,N,0,0,interno,62,N,20-Aug-2017
81,N44Q741F,21,N,0,0,interno,147,N,07-May-2017
82,XZ3F3K96,41,N,0,0,externo,122,N,22-Jun-2018
83,RL1F1900,34,N,0,0,externo,111,N,07-Dec-2018
84,J3J343OM,56,N,0,0,interno,95,N,10-Oct-2017
85,DZYW1HW9,19,N,0,0,interno,75,N,26-Aug-2017
86,JN24S7HA,43,N,0,0,interno,82,N,05-Feb-2018
87,D7HKXA7A,73,N,0,0,externo,93,N,21-Jan-2017
88,RTH1CKX8,13,N,0,0,externo,126,N,28-Feb-2018
89,BFU3612O,32,N,0,0,interno,37,N,29-Jun-2017
90,RTH1CKX8,88,N,0,0,externo,84,N,30-Dec-2017
91,RA630MC2,36,N,0,0,externo,66,N,27-Apr-2017
92,XO5EER3A,61,N,0,0,externo,117,N,29-Dec-2016
93,II1530HN,24,N,0,0,interno,17,N,10-Aug-2017
94,Y9J02PVL,91,N,0,0,externo,112,N,09-Dec-2018
95,Y9J02PVL,93,N,0,0,interno,99,N,11-Oct-2017
96,XZ3F3K96,71,N,0,0,externo,116,N,29-Jul-2017
97,Y3L31C18,3,N,0,0,externo,101,N,03-Mar-2017
98,SMZGG44P,97,N,0,0,interno,108,N,21-Nov-2018
99,U588U7NL,22,N,0,0,interno,86,N,11-Aug-2018
100,SMZGG44P,37,N,0,0,interno,101,N,04-Mar-2018
101,B0455B46,86,N,0,0,externo,40,N,30-May-2018
102,A1Z0OX83,57,N,0,0,interno,39,N,03-Nov-2018
103,J76D1KXN,38,N,0,0,interno,102,N,06-Jan-2018
104,JCQNP9P0,98,N,0,0,externo,51,N,04-Nov-2017
105,Q3U08259,100,N,0,0,interno,54,N,09-Jun-2018
106,CA6A5KC2,19,N,0,0,interno,146,N,18-Jul-2017
107,GYMA6DT5,82,N,0,0,externo,108,N,07-Apr-2018
108,C9C91B0D,98,N,0,0,interno,118,N,27-Mar-2017
109,SSOZVHVC,14,N,0,0,externo,120,N,28-Aug-2018
110,WW59DL02,16,N,0,0,externo,63,N,02-Feb-2018
111,S3Y181RS,45,N,0,0,externo,20,N,07-Jun-2017
112,QP78W194,70,N,0,0,interno,12,N,12-Feb-2018
113,G84O86K6,66,N,0,0,externo,113,N,15-Apr-2017
114,MP166CKE,8,N,0,0,interno,143,N,03-Apr-2017
115,LU11N645,98,N,0,0,interno,121,N,16-Dec-2017
116,IU48BR6G,81,N,0,0,externo,117,N,07-Oct-2017
117,RWPTI6LA,73,N,0,0,interno,34,N,13-Jul-2017
118,TIEJG1VV,49,N,0,0,interno,76,N,10-Feb-2018
119,D7HKXA7A,100,N,0,0,externo,112,N,02-Jul-2018
120,PZZ1449T,14,N,0,0,interno,87,N,04-Jun-2018
121,ZT629SN7,53,N,0,0,externo,37,N,14-Jul-2017
122,G84O86K6,4,N,0,0,externo,48,N,04-Sep-2017
123,OUUKAYY6,67,N,0,0,externo,105,N,15-Jul-2017
124,XO5EER3A,52,N,0,0,externo,45,N,15-Oct-2018
125,JCQNP9P0,20,N,0,0,externo,72,N,30-Mar-2018
126,EX7Z0O96,70,N,0,0,interno,17,N,13-Jul-2018
127,EZKHHV14,14,N,0,0,externo,58,N,30-Jul-2018
128,Q3U08259,12,N,0,0,interno,10,N,19-Jul-2017
129,GYMA6DT5,22,N,0,0,externo,79,N,27-Mar-2017
130,B9NX9PQ8,8,N,0,0,interno,37,N,01-Feb-2018
131,ZA0EGN20,69,N,0,0,externo,92,N,01-Oct-2017
132,SSOZVHVC,43,N,0,0,interno,45,N,18-Sep-2018
133,Y9J02PVL,75,N,0,0,externo,59,N,08-Dec-2017
134,YMXYQU0P,32,N,0,0,externo,41,N,06-Jun-2017
135,U987SI42,14,N,0,0,interno,120,N,22-Jun-2017
136,Q3U08259,58,N,0,0,externo,108,N,08-Feb-2018
137,KW2DHUI5,37,N,0,0,interno,136,N,27-Jun-2017
138,OUUKAYY6,30,N,0,0,externo,68,N,23-Nov-2018
139,RL1F1900,3,N,0,0,interno,125,N,22-Oct-2018
140,IH776VM6,78,N,0,0,interno,133,N,14-May-2018
141,TKTO813P,85,N,0,0,interno,69,N,11-Nov-2018
142,RWPTI6LA,43,N,0,0,externo,93,N,29-Oct-2018
143,J76D1KXN,19,N,0,0,externo,76,N,21-Aug-2018
144,EZKHHV14,4,N,0,0,externo,57,N,20-Jun-2017
145,I2EPC281,48,N,0,0,externo,26,N,20-Nov-2017
146,JN24S7HA,28,N,0,0,interno,13,N,27-Mar-2018
147,DZYW1HW9,60,N,0,0,interno,126,N,04-Jan-2018
148,S4U1EIA6,61,N,0,0,externo,31,N,04-Jun-2017
149,OUUKAYY6,36,N,0,0,interno,79,N,02-Feb-2018
150,EZKHHV14,43,N,0,0,externo,143,N,23-Aug-2017
151,QCO75924,44,N,0,0,interno,72,N,01-May-2018
152,HHJD8ZRD,85,N,0,0,externo,149,N,05-Dec-2018
153,PZZ1449T,74,N,0,0,interno,5,N,15-May-2017
154,TXEV64YX,56,N,0,0,interno,5,N,26-Nov-2017
155,ZA0EGN20,97,N,0,0,externo,93,N,07-Mar-2018
156,WW59DL02,11,N,0,0,externo,143,N,17-Jul-2017
157,RL1F1900,42,N,0,0,externo,10,N,24-Oct-2018
158,RWPTI6LA,94,N,0,0,externo,88,N,09-Oct-2018
159,N44Q741F,24,N,0,0,externo,50,N,29-Nov-2018
160,OUUKAYY6,25,N,0,0,interno,137,N,03-May-2018
161,JN24S7HA,18,N,0,0,interno,83,N,23-Apr-2018
162,TIEJG1VV,92,N,0,0,interno,102,N,12-Oct-2017
163,UX8N109O,44,N,0,0,externo,46,N,04-Aug-2017
164,I2EPC281,25,N,0,0,interno,149,N,10-Jun-2017
165,ZNE2S15V,47,N,0,0,externo,49,N,09-Aug-2018
166,ZNE2S15V,33,N,0,0,interno,24,N,23-Feb-2018
167,K0F90INC,23,N,0,0,externo,94,N,08-Dec-2017
168,B7J9330W,63,N,0,0,interno,66,N,18-Jan-2017
169,YMXYQU0P,21,N,0,0,externo,77,N,13-Jun-2017
170,II1530HN,63,N,0,0,interno,45,N,02-Feb-2017
171,HHJD8ZRD,12,N,0,0,externo,89,N,28-Aug-2018
172,R5V5BNMF,45,N,0,0,externo,135,N,27-Jun-2018
173,EZKHHV14,42,N,0,0,interno,81,N,11-Aug-2017
174,B0455B46,26,N,0,0,interno,146,N,31-Jan-2017
175,ZA6LC3PQ,43,N,0,0,externo,99,N,30-Apr-2017
176,RWPTI6LA,50,N,0,0,interno,149,N,21-May-2017
177,OUUKAYY6,8,N,0,0,interno,24,N,06-Dec-2017
178,YK7P7I99,84,N,0,0,interno,114,N,24-Feb-2017
179,B7J9330W,91,N,0,0,externo,76,N,22-Apr-2018
180,EZKHHV14,98,N,0,0,interno,36,N,22-Aug-2018
181,HHJD8ZRD,86,N,0,0,interno,56,N,29-Sep-2017
182,G84O86K6,82,N,0,0,interno,11,N,14-Jul-2017
183,Y7GX6X3Y,19,N,0,0,interno,121,N,02-Feb-2018
184,J76D1KXN,29,N,0,0,interno,92,N,05-Feb-2018
185,OUUKAYY6,88,N,0,0,interno,57,N,01-May-2018
186,II1530HN,21,N,0,0,interno,73,N,14-Feb-2017
187,R5V5BNMF,74,N,0,0,externo,71,N,01-Apr-2018
188,QP78W194,51,N,0,0,interno,96,N,15-Jul-2018
189,N44Q741F,27,N,0,0,externo,136,N,24-Jan-2018
190,QCO75924,44,N,0,0,interno,63,N,22-Oct-2017
191,SSOZVHVC,23,N,0,0,interno,103,N,29-Oct-2017
192,QCO75924,56,N,0,0,externo,7,N,31-Dec-2016
193,KDMK79D5,86,N,0,0,externo,99,N,01-Jul-2018
194,II1530HN,59,N,0,0,externo,90,N,24-Aug-2018
195,C9C91B0D,6,N,0,0,interno,80,N,12-Aug-2018
196,B0455B46,33,N,0,0,interno,45,N,13-Jun-2017
197,Y9J02PVL,82,N,0,0,externo,86,N,15-Mar-2018
198,G84O86K6,59,N,0,0,interno,96,N,06-May-2018
199,TXEV64YX,12,N,0,0,interno,119,N,06-Sep-2017
200,SMZGG44P,11,N,0,0,interno,127,N,20-Apr-2018
201,A1Z0OX83,51,N,0,0,interno,84,N,13-Dec-2018
202,YK7P7I99,76,N,0,0,interno,95,N,20-Dec-2017
203,LN6U69Z6,70,N,0,0,interno,135,N,03-Mar-2017
204,Q3U08259,87,N,0,0,externo,127,N,24-Sep-2017
205,XO5EER3A,69,N,0,0,externo,108,N,02-Sep-2018
206,KW2DHUI5,33,N,0,0,externo,105,N,27-Mar-2018
207,IU48BR6G,95,N,0,0,externo,55,N,15-Jul-2018
208,J3J343OM,22,N,0,0,externo,90,N,22-Nov-2017
209,TIEJG1VV,16,N,0,0,externo,24,N,27-Oct-2018
210,IH776VM6,38,N,0,0,interno,44,N,08-Oct-2017
211,P5QS1G7H,42,N,0,0,externo,68,N,07-Feb-2018
212,CA6A5KC2,65,N,0,0,externo,123,N,28-Sep-2018
213,UX8N109O,18,N,0,0,externo,45,N,15-Sep-2017
214,IH776VM6,57,N,0,0,interno,140,N,15-Mar-2018
215,RA630MC2,46,N,0,0,interno,51,N,05-Jun-2017
216,D7HKXA7A,41,N,0,0,interno,109,N,08-Oct-2018
217,IU48BR6G,34,N,0,0,interno,133,N,27-Oct-2017
218,OUUKAYY6,80,N,0,0,interno,66,N,18-Aug-2017
219,UX8N109O,78,N,0,0,interno,11,N,04-Nov-2018
220,JCQNP9P0,99,N,0,0,interno,118,N,26-Nov-2018
221,Q3U08259,41,N,0,0,externo,19,N,27-Jun-2018
222,JN24S7HA,6,N,0,0,interno,137,N,03-Apr-2018
223,Y3L31C18,62,N,0,0,externo,116,N,26-Jun-2017
224,YMXYQU0P,95,N,0,0,externo,113,N,24-May-2018
225,ZA0EGN20,4,N,0,0,interno,49,N,13-Oct-2018
226,U987SI42,31,N,0,0,externo,126,N,27-Mar-2018
227,Y9J02PVL,75,N,0,0,interno,80,N,03-Jul-2017
228,D7HKXA7A,64,N,0,0,externo,34,N,16-May-2018
229,J76D1KXN,42,N,0,0,interno,53,N,31-Aug-2017
230,W3443TE5,46,N,0,0,interno,147,N,02-Feb-2018
231,TKTO813P,90,N,0,0,externo,48,N,19-Jul-2018
232,Y9J02PVL,41,N,0,0,interno,112,N,10-Feb-2018
233,OUUKAYY6,59,N,0,0,externo,91,N,13-May-2018
234,J3J343OM,72,N,0,0,interno,8,N,12-May-2017
235,A1Z0OX83,61,N,0,0,interno,103,N,22-Dec-2016
236,QCO75924,33,N,0,0,externo,89,N,04-Oct-2018
237,PZZ1449T,38,N,0,0,interno,26,N,17-Nov-2017
238,JCQNP9P0,71,N,0,0,externo,142,N,22-Jun-2017
239,C9C91B0D,6,N,0,0,externo,62,N,31-Mar-2017
240,Y3L31C18,56,N,0,0,interno,85,N,07-Nov-2018
241,UX8N109O,40,N,0,0,interno,75,N,17-Jan-2017
242,OUUKAYY6,85,N,0,0,externo,103,N,11-Oct-2017
243,I7S6CY55,14,N,0,0,externo,105,N,09-Jan-2018
244,YMXYQU0P,62,N,0,0,externo,77,N,04-Mar-2018
245,I2EPC281,54,N,0,0,interno,92,N,20-Feb-2018
246,XZ3F3K96,25,N,0,0,externo,39,N,30-May-2017
247,GOC5ZI3H,59,N,0,0,externo,34,N,13-Sep-2018
248,M221739X,45,N,0,0,interno,78,N,25-Oct-2018
249,Y9J02PVL,59,N,0,0,interno,18,N,21-Oct-2017
250,I7S6CY55,99,N,0,0,interno,138,N,17-Nov-2017
251,Y3L31C18,17,N,0,0,externo,94,N,01-Jul-2017
252,M221739X,74,N,0,0,interno,71,N,17-Jul-2018
253,WW59DL02,40,N,0,0,externo,50,N,11-Aug-2017
254,RA630MC2,30,N,0,0,externo,107,N,05-Apr-2017
255,C9C91B0D,36,N,0,0,interno,64,N,25-May-2017
256,KDMK79D5,35,N,0,0,externo,130,N,23-Feb-2018
257,J3J343OM,37,N,0,0,interno,117,N,15-Jul-2018
258,MP166CKE,81,N,0,0,interno,106,N,09-May-2018
259,GOC5ZI3H,50,N,0,0,externo,82,N,15-Feb-2017
260,YK7P7I99,48,N,0,0,interno,63,N,15-Jun-2018
261,BFU3612O,17,N,0,0,externo,54,N,20-Apr-2017
262,S3Y181RS,76,N,0,0,externo,106,N,02-Dec-2017
263,Y3L31C18,64,N,0,0,externo,98,N,25-Jun-2018
264,ZT629SN7,87,N,0,0,externo,108,N,26-Dec-2017
265,IH776VM6,30,N,0,0,externo,92,N,16-Sep-2017
266,ZT629SN7,34,N,0,0,externo,41,N,17-Jul-2018
267,KDMK79D5,43,N,0,0,externo,13,N,12-Feb-2018
268,K0F90INC,100,N,0,0,externo,8,N,06-Nov-2017
269,XO5EER3A,28,N,0,0,interno,9,N,29-Dec-2016
270,SMZGG44P,81,N,0,0,externo,141,N,18-May-2018
271,JCQNP9P0,82,N,0,0,externo,84,N,17-Aug-2017
272,S4U1EIA6,10,N,0,0,interno,111,N,15-Aug-2017
273,GOC5ZI3H,55,N,0,0,interno,55,N,25-Jul-2018
274,N44Q741F,100,N,0,0,interno,45,N,30-Sep-2017
275,LU11N645,64,N,0,0,externo,109,N,10-Oct-2018
276,ZA6LC3PQ,59,N,0,0,externo,6,N,24-Aug-2018
277,WW59DL02,13,N,0,0,externo,112,N,23-Jun-2018
278,OUUKAYY6,13,N,0,0,externo,19,N,28-Jun-2017
279,T69K9A18,61,N,0,0,externo,122,N,18-Mar-2017
280,JN24S7HA,86,N,0,0,externo,87,N,31-Jan-2017
281,SMZGG44P,14,N,0,0,interno,11,N,22-Oct-2017
282,S4U1EIA6,43,N,0,0,externo,107,N,27-Mar-2017
283,J76D1KXN,22,N,0,0,externo,76,N,27-Oct-2018
284,IU48BR6G,36,N,0,0,externo,149,N,08-Mar-2018
285,CANAR7J0,66,N,0,0,externo,55,N,11-Aug-2017
286,RA630MC2,49,N,0,0,externo,19,N,14-Jun-2018
287,W29FF1ME,75,N,0,0,externo,93,N,23-Sep-2017
288,ZA6LC3PQ,57,N,0,0,interno,57,N,01-May-2018
289,W3443TE5,30,N,0,0,interno,86,N,03-Jun-2017
290,SSOZVHVC,64,N,0,0,interno,23,N,26-Sep-2018
291,RL1F1900,87,N,0,0,interno,98,N,23-Dec-2017
292,XO5EER3A,79,N,0,0,externo,149,N,29-May-2018
293,EZKHHV14,35,N,0,0,interno,124,N,31-Jan-2017
294,EZKHHV14,99,N,0,0,interno,116,N,02-Sep-2018
295,R5V5BNMF,39,N,0,0,interno,56,N,11-Sep-2018
296,U588U7NL,58,N,0,0,externo,140,N,15-Dec-2018
297,H5WI3AD1,41,N,0,0,externo,12,N,17-Jul-2017
298,JN24S7HA,2,N,0,0,externo,131,N,09-Feb-2017
299,RWPTI6LA,95,N,0,0,externo,142,N,15-Jul-2018
300,RA630MC2,82,N,0,0,externo,46,N,06-Jun-2017
301,K0F90INC,3,N,0,0,interno,85,N,14-Mar-2017
302,GYMA6DT5,11,N,0,0,externo,52,N,19-Sep-2017
303,S3Y181RS,2,N,0,0,interno,96,N,05-Aug-2017
304,Y3L31C18,8,N,0,0,externo,112,N,30-Sep-2017
305,HHJD8ZRD,19,N,0,0,externo,15,N,22-Sep-2018
306,GOC5ZI3H,65,N,0,0,externo,23,N,16-Mar-2018
307,U15T3B58,38,N,0,0,interno,44,N,06-Jan-2018
308,EX7Z0O96,6,N,0,0,interno,117,N,16-Nov-2018
309,IU48BR6G,67,N,0,0,interno,76,N,10-Mar-2017
310,ZT629SN7,10,N,0,0,interno,90,N,31-Mar-2017
311,TXEV64YX,74,N,0,0,externo,135,N,18-Feb-2017
312,W29FF1ME,8,N,0,0,interno,73,N,09-Jan-2017
313,W3443TE5,18,N,0,0,interno,32,N,12-Mar-2018
314,W29FF1ME,1,N,0,0,interno,73,N,29-Mar-2018
315,KW2DHUI5,81,N,0,0,interno,14,N,13-Apr-2017
316,OUUKAYY6,54,N,0,0,interno,10,N,08-Jun-2017
317,M221739X,32,N,0,0,interno,94,N,08-Oct-2018
318,QCO75924,52,N,0,0,externo,128,N,04-Dec-2018
319,W29FF1ME,51,N,0,0,externo,69,N,02-Jun-2018
320,QCO75924,93,N,0,0,interno,100,N,27-Oct-2017
321,QP78W194,84,N,0,0,externo,111,N,11-Sep-2018
322,YMXYQU0P,18,N,0,0,externo,86,N,20-Oct-2018
323,Y9J02PVL,58,N,0,0,externo,118,N,15-Jan-2017
324,I7S6CY55,39,N,0,0,interno,150,N,01-Jun-2018
325,N1AKJ8P5,69,N,0,0,interno,97,N,16-Aug-2018
326,B7J9330W,75,N,0,0,externo,115,N,14-Aug-2017
327,ZT629SN7,12,N,0,0,interno,125,N,26-Aug-2018
328,SMZGG44P,43,N,0,0,externo,114,N,15-Aug-2017
329,C4M7RYT5,48,N,0,0,interno,74,N,07-Dec-2018
330,EX7Z0O96,19,N,0,0,externo,20,N,12-Jan-2017
331,HBFWP7QQ,79,N,0,0,interno,100,N,23-Sep-2017
332,GYMA6DT5,34,N,0,0,interno,76,N,27-Sep-2017
333,Y9J02PVL,1,N,0,0,interno,17,N,31-Jul-2017
334,EZKHHV14,79,N,0,0,externo,128,N,10-Jul-2017
335,BFU3612O,14,N,0,0,externo,59,N,24-Feb-2018
336,UX8N109O,93,N,0,0,externo,40,N,21-Aug-2017
337,EZKHHV14,85,N,0,0,externo,25,N,10-Mar-2017
338,ZA6LC3PQ,16,N,0,0,interno,62,N,24-Nov-2018
339,EX7Z0O96,4,N,0,0,interno,37,N,18-Jul-2018
340,LU11N645,31,N,0,0,externo,84,N,25-Feb-2017
341,OUUKAYY6,71,N,0,0,interno,147,N,24-Jun-2017
342,ZA6LC3PQ,66,N,0,0,interno,50,N,10-Feb-2017
343,ZT629SN7,14,N,0,0,interno,116,N,11-Jun-2017
344,J76D1KXN,21,N,0,0,externo,78,N,14-Aug-2018
345,Q3U08259,83,N,0,0,externo,79,N,18-Apr-2018
346,A1Z0OX83,72,N,0,0,externo,28,N,06-Jun-2018
347,N1AKJ8P5,50,N,0,0,externo,27,N,06-Jan-2017
348,XZ3F3K96,24,N,0,0,interno,115,N,09-Jul-2017
349,ZNE2S15V,63,N,0,0,interno,115,N,03-Mar-2017
350,W29FF1ME,80,N,0,0,externo,52,N,10-May-2018
351,EX7Z0O96,66,N,0,0,externo,63,N,06-Feb-2018
352,W29FF1ME,24,N,0,0,externo,97,N,14-Jan-2018
353,IH776VM6,23,N,0,0,interno,11,N,16-Nov-2017
354,M221739X,27,N,0,0,interno,56,N,01-Feb-2017
355,RA630MC2,41,N,0,0,interno,103,N,28-Feb-2018
356,IU48BR6G,66,N,0,0,externo,130,N,08-Dec-2017
357,B7J9330W,48,N,0,0,externo,6,N,03-Aug-2017
358,W29FF1ME,26,N,0,0,interno,150,N,26-May-2018
359,XZ3F3K96,64,N,0,0,interno,147,N,04-Jun-2017
360,YMXYQU0P,8,N,0,0,externo,123,N,30-Sep-2017
361,SMZGG44P,11,N,0,0,interno,61,N,09-Jul-2018
362,DZYW1HW9,40,N,0,0,interno,133,N,05-Aug-2018
363,J3J343OM,83,N,0,0,interno,135,N,29-Sep-2018
364,JCQNP9P0,27,N,0,0,externo,91,N,26-Aug-2018
365,IH776VM6,7,N,0,0,interno,56,N,01-Aug-2018
366,H5WI3AD1,45,N,0,0,externo,54,N,19-Mar-2018
367,RL1F1900,41,N,0,0,interno,134,N,23-Aug-2017
368,Y9J02PVL,57,N,0,0,interno,37,N,08-Sep-2018
369,PZZ1449T,96,N,0,0,interno,6,N,17-Dec-2016
370,P5QS1G7H,17,N,0,0,interno,85,N,18-Apr-2018
371,M221739X,90,N,0,0,interno,124,N,31-May-2017
372,Q3U08259,22,N,0,0,interno,55,N,14-Sep-2017
373,LU11N645,24,N,0,0,externo,58,N,09-Aug-2017
374,C9C91B0D,26,N,0,0,externo,90,N,22-Mar-2018
375,Q3U08259,80,N,0,0,externo,62,N,11-Jul-2017
376,S3Y181RS,21,N,0,0,externo,5,N,05-Jun-2017
377,JN24S7HA,5,N,0,0,externo,91,N,16-Feb-2018
378,U15T3B58,90,N,0,0,externo,132,N,14-Dec-2018
379,IU48BR6G,85,N,0,0,externo,30,N,04-May-2018
380,A1Z0OX83,39,N,0,0,externo,12,N,13-Jul-2017
381,B0455B46,60,N,0,0,interno,66,N,23-Jul-2017
382,LU11N645,82,N,0,0,interno,108,N,08-Jan-2017
383,M221739X,80,N,0,0,externo,93,N,08-Oct-2017
384,HHJD8ZRD,80,N,0,0,interno,11,N,14-Aug-2017
385,C9C91B0D,16,N,0,0,interno,27,N,07-Feb-2017
386,JCQNP9P0,33,N,0,0,interno,117,N,16-Nov-2017
387,ZA0EGN20,87,N,0,0,interno,126,N,29-Jun-2018
388,N44Q741F,47,N,0,0,externo,73,N,05-Aug-2018
389,S3Y181RS,12,N,0,0,externo,39,N,07-Oct-2018
390,QP78W194,74,N,0,0,externo,120,N,05-Nov-2018
391,EX7Z0O96,15,N,0,0,interno,123,N,18-Nov-2017
392,RA630MC2,83,N,0,0,externo,142,N,29-Jan-2017
393,UX8N109O,5,N,0,0,externo,58,N,07-Sep-2018
394,C4M7RYT5,88,N,0,0,interno,41,N,05-Apr-2017
395,W3443TE5,99,N,0,0,externo,120,N,11-Oct-2017
396,HBFWP7QQ,60,N,0,0,externo,94,N,06-Oct-2017
397,RWPTI6LA,23,N,0,0,externo,19,N,27-May-2017
398,YK7P7I99,56,N,0,0,interno,51,N,09-Oct-2018
399,N44Q741F,72,N,0,0,externo,85,N,28-Nov-2018
400,JN24S7HA,51,N,0,0,externo,133,N,05-Mar-2017
401,ZNE2S15V,3,N,0,0,externo,82,N,22-Oct-2017
402,MP166CKE,77,N,0,0,externo,6,N,13-Mar-2018
403,TKTO813P,33,N,0,0,externo,112,N,29-Jun-2017
404,IH776VM6,1,N,0,0,externo,145,N,22-Mar-2017
405,S3Y181RS,36,N,0,0,interno,62,N,14-Dec-2018
406,LN6U69Z6,60,N,0,0,interno,145,N,17-Mar-2017
407,A1Z0OX83,77,N,0,0,externo,50,N,23-Sep-2017
408,ZT629SN7,78,N,0,0,interno,130,N,09-Jan-2018
409,EZKHHV14,87,N,0,0,externo,85,N,10-Feb-2017
410,R900Z5T0,84,N,0,0,externo,36,N,20-Jan-2017
411,D7HKXA7A,85,N,0,0,interno,82,N,24-Jul-2018
412,XO5EER3A,84,N,0,0,externo,47,N,12-Dec-2018
413,RWPTI6LA,20,N,0,0,externo,19,N,14-Apr-2018
414,P5QS1G7H,66,N,0,0,interno,107,N,03-May-2017
415,HHJD8ZRD,18,N,0,0,interno,39,N,16-Oct-2018
416,J3J343OM,39,N,0,0,interno,61,N,17-Sep-2017
417,GYMA6DT5,28,N,0,0,externo,99,N,12-Sep-2017
418,DZYW1HW9,81,N,0,0,externo,18,N,01-Sep-2018
419,C4M7RYT5,81,N,0,0,interno,74,N,22-Oct-2017
420,ZT629SN7,63,N,0,0,interno,129,N,29-Jun-2017
421,HHJD8ZRD,57,N,0,0,externo,123,N,28-Oct-2017
422,A1Z0OX83,13,N,0,0,externo,10,N,12-Dec-2018
423,A1Z0OX83,73,N,0,0,interno,93,N,17-Apr-2018
424,N44Q741F,70,N,0,0,interno,99,N,21-Feb-2017
425,Y3L31C18,32,N,0,0,interno,64,N,19-Jan-2017
426,I2EPC281,75,N,0,0,externo,135,N,26-Feb-2018
427,R5V5BNMF,15,N,0,0,interno,56,N,19-Nov-2017
428,LU11N645,70,N,0,0,interno,149,N,19-Feb-2018
429,QP78W194,19,N,0,0,externo,82,N,02-Jun-2017
430,A1Z0OX83,26,N,0,0,interno,119,N,16-Jun-2017
431,C9C91B0D,4,N,0,0,externo,6,N,16-Feb-2017
432,DZYW1HW9,46,N,0,0,externo,46,N,09-Jun-2018
433,G84O86K6,93,N,0,0,externo,31,N,17-Nov-2018
434,ZA0EGN20,93,N,0,0,interno,95,N,03-Jul-2017
435,Y9J02PVL,55,N,0,0,interno,101,N,07-May-2018
436,WW59DL02,98,N,0,0,interno,17,N,08-Jun-2017
437,TXEV64YX,35,N,0,0,interno,120,N,02-Dec-2017
438,ZNE2S15V,17,N,0,0,externo,133,N,07-Jul-2018
439,B9NX9PQ8,58,N,0,0,interno,74,N,01-Aug-2018
440,Y9J02PVL,59,N,0,0,externo,106,N,31-May-2018
441,S4U1EIA6,98,N,0,0,interno,63,N,07-Aug-2018
442,JN24S7HA,70,N,0,0,interno,142,N,08-Sep-2017
443,TXEV64YX,21,N,0,0,externo,139,N,04-Jun-2017
444,II1530HN,75,N,0,0,externo,41,N,09-Aug-2017
445,U588U7NL,86,N,0,0,externo,22,N,13-Nov-2018
446,MP166CKE,67,N,0,0,interno,129,N,12-Nov-2018
447,I7S6CY55,69,N,0,0,externo,94,N,30-Aug-2017
448,IU48BR6G,78,N,0,0,interno,5,N,03-Mar-2017
449,I7S6CY55,19,N,0,0,interno,68,N,05-Mar-2017
450,I2EPC281,89,N,0,0,externo,99,N,16-Jun-2017
451,C9C91B0D,53,N,0,0,externo,107,N,09-Jan-2017
452,B0455B46,48,N,0,0,interno,82,N,27-Jan-2018
453,TXEV64YX,43,N,0,0,externo,133,N,26-Apr-2017
454,HHJD8ZRD,11,N,0,0,interno,91,N,03-Feb-2018
455,QCO75924,78,N,0,0,externo,90,N,02-Jan-2018
456,II1530HN,51,N,0,0,externo,87,N,23-Feb-2017
457,TKTO813P,80,N,0,0,interno,7,N,26-Jan-2018
458,EZKHHV14,75,N,0,0,interno,73,N,27-Aug-2017
459,SMZGG44P,36,N,0,0,externo,122,N,26-Sep-2017
460,CANAR7J0,82,N,0,0,externo,132,N,28-Mar-2018
461,II1530HN,98,N,0,0,interno,130,N,23-Nov-2018
462,HHJD8ZRD,58,N,0,0,interno,6,N,20-Nov-2017
463,KW2DHUI5,5,N,0,0,externo,142,N,14-Jan-2017
464,S3Y181RS,82,N,0,0,externo,20,N,29-May-2018
465,ZT629SN7,28,N,0,0,externo,24,N,08-Jun-2018
466,J3J343OM,53,N,0,0,interno,133,N,09-May-2018
467,DZYW1HW9,21,N,0,0,externo,87,N,28-May-2018
468,RTH1CKX8,99,N,0,0,externo,51,N,08-Apr-2017
469,U987SI42,20,N,0,0,externo,118,N,11-Aug-2018
470,TKTO813P,28,N,0,0,externo,27,N,14-Nov-2017
471,G84O86K6,57,N,0,0,interno,111,N,26-Oct-2017
472,Y9J02PVL,79,N,0,0,interno,108,N,09-Jun-2018
473,TKTO813P,30,N,0,0,externo,34,N,20-Jun-2018
474,WW59DL02,7,N,0,0,interno,113,N,14-Feb-2018
475,C4M7RYT5,88,N,0,0,externo,65,N,12-Mar-2017
476,RWPTI6LA,70,N,0,0,externo,83,N,16-May-2017
477,ZA0EGN20,63,N,0,0,externo,136,N,12-Mar-2018
478,I2EPC281,19,N,0,0,interno,145,N,19-Dec-2017
479,QP78W194,59,N,0,0,externo,147,N,23-Sep-2018
480,IU48BR6G,75,N,0,0,externo,70,N,19-Nov-2017
481,SMZGG44P,39,N,0,0,interno,49,N,12-May-2017
482,U588U7NL,39,N,0,0,interno,145,N,31-May-2017
483,II1530HN,78,N,0,0,interno,11,N,06-Dec-2017
484,QP78W194,57,N,0,0,externo,63,N,10-Sep-2017
485,MP166CKE,19,N,0,0,interno,81,N,04-Jun-2017
486,CANAR7J0,35,N,0,0,interno,34,N,19-May-2017
487,A1Z0OX83,100,N,0,0,interno,7,N,22-Feb-2018
488,B9NX9PQ8,65,N,0,0,interno,100,N,20-Mar-2017
489,RWPTI6LA,83,N,0,0,interno,14,N,10-Dec-2018
490,H5WI3AD1,61,N,0,0,externo,50,N,06-Nov-2017
491,H5WI3AD1,58,N,0,0,interno,33,N,26-Oct-2017
492,B0455B46,14,N,0,0,externo,119,N,13-Apr-2017
493,H5WI3AD1,85,N,0,0,interno,91,N,20-Mar-2017
494,B0455B46,96,N,0,0,interno,41,N,07-Mar-2017
495,B9NX9PQ8,26,N,0,0,externo,5,N,15-Aug-2018
496,U987SI42,25,N,0,0,externo,34,N,28-May-2018
497,QP78W194,55,N,0,0,interno,145,N,02-Aug-2017
498,DZYW1HW9,59,N,0,0,externo,91,N,09-Oct-2017
499,XZ3F3K96,27,N,0,0,interno,42,N,10-Apr-2018
500,EZKHHV14,12,N,0,0,interno,20,N,10-Mar-2018
501,UX8N109O,98,N,0,0,interno,121,N,10-Mar-2017
502,R900Z5T0,10,N,0,0,interno,127,N,15-Sep-2018
503,C9C91B0D,14,N,0,0,interno,55,N,09-Mar-2018
504,CA6A5KC2,18,N,0,0,interno,101,N,09-Jan-2018
505,C4M7RYT5,38,N,0,0,externo,22,N,17-Mar-2018
506,II1530HN,38,N,0,0,interno,5,N,14-Nov-2018
507,B9NX9PQ8,85,N,0,0,externo,73,N,29-Apr-2017
508,CANAR7J0,8,N,0,0,interno,41,N,26-Dec-2016
509,RA630MC2,68,N,0,0,externo,12,N,14-Oct-2018
510,ZNE2S15V,35,N,0,0,interno,6,N,08-Feb-2017
511,Y9J02PVL,80,N,0,0,interno,140,N,28-Aug-2018
512,RTH1CKX8,42,N,0,0,interno,51,N,07-Jun-2018
513,LN6U69Z6,32,N,0,0,externo,137,N,01-May-2017
514,W3443TE5,44,N,0,0,interno,82,N,07-Nov-2017
515,ZA6LC3PQ,13,N,0,0,interno,27,N,12-Oct-2018
516,M221739X,8,N,0,0,interno,135,N,02-Dec-2018
517,RTH1CKX8,52,N,0,0,externo,113,N,14-Sep-2018
518,LN6U69Z6,8,N,0,0,externo,122,N,07-Feb-2017
519,U588U7NL,78,N,0,0,externo,90,N,01-Jun-2017
520,J3J343OM,75,N,0,0,externo,101,N,28-Sep-2017
521,YK7P7I99,96,N,0,0,interno,55,N,30-Jun-2017
522,KDMK79D5,15,N,0,0,externo,147,N,25-Jan-2018
523,GYMA6DT5,63,N,0,0,interno,14,N,25-Apr-2017
524,TIEJG1VV,50,N,0,0,interno,11,N,20-Feb-2017
525,RL1F1900,96,N,0,0,externo,57,N,13-Jun-2017
526,HBFWP7QQ,5,N,0,0,externo,127,N,11-Nov-2018
527,A1Z0OX83,28,N,0,0,externo,120,N,01-Jan-2018
528,B0455B46,40,N,0,0,interno,90,N,16-Jul-2017
529,SMZGG44P,2,N,0,0,interno,14,N,12-Jul-2017
530,I7S6CY55,17,N,0,0,interno,127,N,22-Mar-2018
531,ZA0EGN20,55,N,0,0,interno,106,N,22-Oct-2017
532,LN6U69Z6,78,N,0,0,externo,146,N,14-Aug-2017
533,W29FF1ME,62,N,0,0,interno,45,N,28-Sep-2018
534,HBFWP7QQ,47,N,0,0,interno,10,N,27-Jan-2017
535,IU48BR6G,100,N,0,0,externo,142,N,31-May-2017
536,W3443TE5,31,N,0,0,externo,105,N,01-Oct-2018
537,EZKHHV14,44,N,0,0,externo,11,N,27-Mar-2018
538,OUUKAYY6,14,N,0,0,externo,148,N,01-Jul-2017
539,II1530HN,72,N,0,0,externo,108,N,15-Feb-2017
540,C4M7RYT5,24,N,0,0,interno,70,N,30-Nov-2018
541,JN24S7HA,19,N,0,0,interno,18,N,17-Sep-2018
542,U987SI42,70,N,0,0,interno,115,N,05-Jun-2018
543,C9C91B0D,73,N,0,0,interno,142,N,22-Sep-2017
544,SMZGG44P,100,N,0,0,interno,5,N,19-Jul-2018
545,YK7P7I99,30,N,0,0,externo,30,N,10-Sep-2018
546,R900Z5T0,64,N,0,0,externo,140,N,08-Jul-2018
547,YK7P7I99,43,N,0,0,interno,5,N,17-May-2018
548,C9C91B0D,22,N,0,0,interno,23,N,14-Jul-2017
549,D7HKXA7A,20,N,0,0,interno,108,N,04-Dec-2018
550,B7J9330W,45,N,0,0,interno,81,N,21-Jun-2018
551,D7HKXA7A,97,N,0,0,externo,73,N,15-Apr-2018
552,ZNE2S15V,17,N,0,0,interno,141,N,28-Jan-2017
553,N1AKJ8P5,22,N,0,0,interno,89,N,05-Jan-2018
554,A1Z0OX83,21,N,0,0,interno,146,N,26-Oct-2018
555,M221739X,13,N,0,0,interno,30,N,09-Aug-2018
556,Y7GX6X3Y,57,N,0,0,interno,98,N,28-Nov-2017
557,Y3L31C18,33,N,0,0,externo,65,N,27-Dec-2017
558,TKTO813P,3,N,0,0,externo,118,N,29-Aug-2017
559,M221739X,12,N,0,0,interno,47,N,20-Dec-2017
560,IH776VM6,18,N,0,0,externo,87,N,09-Jan-2018
561,II1530HN,39,N,0,0,interno,69,N,31-Jul-2017
562,U987SI42,42,N,0,0,externo,36,N,23-Mar-2017
563,GOC5ZI3H,51,N,0,0,externo,84,N,04-Mar-2018
564,Y7GX6X3Y,35,N,0,0,externo,86,N,31-Jul-2017
565,GYMA6DT5,66,N,0,0,interno,106,N,23-Mar-2017
566,C4M7RYT5,57,N,0,0,interno,62,N,03-Sep-2017
567,CA6A5KC2,63,N,0,0,externo,34,N,08-Nov-2017
568,T69K9A18,87,N,0,0,externo,106,N,07-Mar-2017
569,EZKHHV14,58,N,0,0,externo,68,N,03-May-2018
570,J3J343OM,100,N,0,0,interno,114,N,04-Mar-2017
571,D7HKXA7A,87,N,0,0,interno,49,N,16-May-2018
572,H5WI3AD1,41,N,0,0,externo,43,N,09-Jul-2018
573,C4M7RYT5,100,N,0,0,externo,65,N,26-May-2018
574,RA630MC2,35,N,0,0,interno,90,N,29-Jan-2017
575,KW2DHUI5,67,N,0,0,interno,17,N,15-Jun-2017
576,BFU3612O,45,N,0,0,interno,123,N,17-Aug-2017
577,ZA0EGN20,56,N,0,0,interno,109,N,19-Mar-2018
578,OUUKAYY6,64,N,0,0,externo,22,N,31-Jan-2018
579,R900Z5T0,38,N,0,0,externo,138,N,27-Oct-2017
580,DZYW1HW9,28,N,0,0,interno,90,N,12-Apr-2018
581,T69K9A18,48,N,0,0,externo,8,N,02-Jul-2018
582,SMZGG44P,72,N,0,0,externo,85,N,22-Jan-2018
583,KW2DHUI5,100,N,0,0,externo,34,N,21-Oct-2018
584,N44Q741F,35,N,0,0,interno,116,N,04-Nov-2018
585,IH776VM6,30,N,0,0,interno,121,N,07-Aug-2017
586,WW59DL02,52,N,0,0,interno,6,N,07-Feb-2018
587,JN24S7HA,35,N,0,0,interno,20,N,25-Jun-2017
588,R900Z5T0,87,N,0,0,externo,107,N,25-Jan-2018
589,N44Q741F,84,N,0,0,interno,143,N,03-May-2017
590,RTH1CKX8,1,N,0,0,interno,18,N,27-Jun-2018
591,C4M7RYT5,10,N,0,0,interno,106,N,28-Sep-2018
592,JCQNP9P0,74,N,0,0,interno,19,N,25-Apr-2018
593,TXEV64YX,78,N,0,0,externo,149,N,05-Sep-2017
594,J76D1KXN,29,N,0,0,interno,145,N,10-Nov-2018
595,B0455B46,47,N,0,0,externo,37,N,16-Aug-2018
596,U987SI42,65,N,0,0,interno,113,N,21-Sep-2018
597,IH776VM6,34,N,0,0,externo,89,N,01-Feb-2018
598,UX8N109O,91,N,0,0,interno,85,N,15-Jun-2018
599,J76D1KXN,98,N,0,0,interno,148,N,02-May-2017
600,JN24S7HA,21,N,0,0,interno,30,N,14-Dec-2018
601,C9C91B0D,24,N,0,0,externo,34,N,11-Dec-2018
602,LN6U69Z6,53,N,0,0,interno,53,N,12-Jun-2018
603,W29FF1ME,45,N,0,0,interno,52,N,18-Mar-2018
604,QP78W194,38,N,0,0,externo,59,N,01-Jul-2018
605,PZZ1449T,85,N,0,0,interno,29,N,05-Oct-2017
606,CA6A5KC2,45,N,0,0,externo,6,N,21-May-2018
607,U15T3B58,7,N,0,0,externo,61,N,04-Sep-2017
608,A1Z0OX83,75,N,0,0,externo,89,N,08-Dec-2018
609,S4U1EIA6,21,N,0,0,externo,44,N,01-Jul-2017
610,W29FF1ME,3,N,0,0,interno,16,N,10-Mar-2018
611,G84O86K6,69,N,0,0,interno,8,N,08-Jun-2017
612,JN24S7HA,67,N,0,0,externo,135,N,09-May-2018
613,I2EPC281,73,N,0,0,interno,94,N,01-Dec-2017
614,SMZGG44P,86,N,0,0,interno,99,N,23-Nov-2017
615,CANAR7J0,61,N,0,0,interno,44,N,08-Oct-2017
616,K0F90INC,77,N,0,0,interno,21,N,30-Mar-2018
617,H5WI3AD1,20,N,0,0,externo,144,N,28-Jan-2017
618,Y7GX6X3Y,51,N,0,0,interno,37,N,22-May-2018
619,U588U7NL,84,N,0,0,externo,91,N,16-Feb-2018
620,KDMK79D5,48,N,0,0,externo,90,N,27-Oct-2017
621,CANAR7J0,27,N,0,0,interno,21,N,23-Dec-2017
622,HHJD8ZRD,99,N,0,0,externo,68,N,05-Feb-2017
623,RL1F1900,74,N,0,0,interno,106,N,17-Jul-2018
624,I2EPC281,60,N,0,0,externo,47,N,13-Dec-2018
625,TIEJG1VV,16,N,0,0,interno,96,N,24-Aug-2017
626,H5WI3AD1,53,N,0,0,externo,130,N,01-Feb-2018
627,RWPTI6LA,48,N,0,0,interno,130,N,13-Aug-2017
628,N44Q741F,50,N,0,0,externo,70,N,01-Feb-2017
629,C9C91B0D,89,N,0,0,interno,149,N,28-Jan-2017
630,SMZGG44P,32,N,0,0,externo,40,N,25-Sep-2017
631,QP78W194,67,N,0,0,interno,130,N,11-Apr-2018
632,B9NX9PQ8,87,N,0,0,externo,135,N,21-Oct-2017
633,RTH1CKX8,90,N,0,0,interno,129,N,12-Nov-2018
634,J3J343OM,12,N,0,0,interno,28,N,27-Feb-2018
635,Y7GX6X3Y,81,N,0,0,externo,31,N,16-Apr-2017
636,WW59DL02,75,N,0,0,interno,62,N,20-Dec-2017
637,ZT629SN7,81,N,0,0,interno,16,N,19-Dec-2017
638,N1AKJ8P5,38,N,0,0,externo,118,N,14-Aug-2017
639,ZA6LC3PQ,78,N,0,0,externo,62,N,04-Dec-2017
640,ZT629SN7,100,N,0,0,interno,39,N,21-Feb-2018
641,KW2DHUI5,1,N,0,0,interno,141,N,21-Jul-2018
642,GOC5ZI3H,84,N,0,0,externo,78,N,06-Jan-2018
643,CA6A5KC2,98,N,0,0,interno,58,N,18-Nov-2018
644,RWPTI6LA,97,N,0,0,interno,6,N,11-Jun-2017
645,K0F90INC,56,N,0,0,externo,16,N,09-May-2018
646,KW2DHUI5,78,N,0,0,externo,78,N,21-Jan-2017
647,RTH1CKX8,34,N,0,0,interno,114,N,29-Oct-2017
648,RL1F1900,62,N,0,0,externo,43,N,08-Feb-2018
649,OUUKAYY6,42,N,0,0,externo,81,N,25-Mar-2017
650,TIEJG1VV,65,N,0,0,externo,144,N,07-May-2017
651,T69K9A18,80,N,0,0,interno,48,N,24-Oct-2018
652,D7HKXA7A,2,N,0,0,interno,72,N,08-Sep-2017
653,T69K9A18,92,N,0,0,externo,37,N,01-Aug-2018
654,II1530HN,14,N,0,0,externo,148,N,27-Oct-2018
655,RA630MC2,36,N,0,0,interno,25,N,17-Jan-2018
656,U987SI42,64,N,0,0,interno,110,N,21-Oct-2017
657,D7HKXA7A,95,N,0,0,externo,84,N,18-Mar-2017
658,Y3L31C18,65,N,0,0,externo,128,N,02-Jul-2017
659,CA6A5KC2,17,N,0,0,interno,91,N,06-Nov-2018
660,I2EPC281,55,N,0,0,interno,47,N,08-Oct-2018
661,II1530HN,90,N,0,0,interno,69,N,05-Jan-2017
662,EZKHHV14,10,N,0,0,interno,134,N,10-Nov-2018
663,GOC5ZI3H,59,N,0,0,interno,20,N,25-May-2017
664,I7S6CY55,21,N,0,0,externo,39,N,08-Jun-2017
665,Q3U08259,40,N,0,0,interno,99,N,17-Dec-2016
666,B9NX9PQ8,67,N,0,0,interno,19,N,20-Feb-2018
667,K0F90INC,93,N,0,0,externo,10,N,22-Feb-2017
668,WW59DL02,14,N,0,0,interno,29,N,10-Oct-2018
669,TXEV64YX,58,N,0,0,externo,106,N,07-Feb-2018
670,BFU3612O,53,N,0,0,interno,23,N,03-Apr-2018
671,P5QS1G7H,42,N,0,0,interno,25,N,06-Oct-2017
672,HHJD8ZRD,44,N,0,0,externo,131,N,17-Aug-2018
673,LN6U69Z6,18,N,0,0,interno,73,N,20-Apr-2018
674,SSOZVHVC,33,N,0,0,interno,149,N,11-Apr-2017
675,H5WI3AD1,10,N,0,0,interno,85,N,22-Sep-2018
676,N1AKJ8P5,98,N,0,0,externo,26,N,12-Sep-2017
677,JN24S7HA,67,N,0,0,externo,81,N,24-Apr-2017
678,B9NX9PQ8,86,N,0,0,externo,149,N,21-Dec-2016
679,YK7P7I99,75,N,0,0,interno,126,N,25-Sep-2018
680,LN6U69Z6,81,N,0,0,externo,36,N,06-Apr-2017
681,EZKHHV14,99,N,0,0,interno,49,N,01-Jul-2018
682,LN6U69Z6,86,N,0,0,externo,26,N,20-Apr-2017
683,B7J9330W,60,N,0,0,interno,41,N,06-Nov-2018
684,MP166CKE,9,N,0,0,externo,11,N,01-Jul-2018
685,IH776VM6,52,N,0,0,externo,137,N,27-Apr-2018
686,RL1F1900,53,N,0,0,externo,65,N,20-Dec-2017
687,N44Q741F,63,N,0,0,interno,24,N,14-Nov-2018
688,D7HKXA7A,24,N,0,0,interno,60,N,11-Dec-2017
689,B7J9330W,85,N,0,0,externo,49,N,20-Aug-2018
690,ZNE2S15V,27,N,0,0,externo,55,N,30-Jun-2018
691,Y3L31C18,32,N,0,0,externo,12,N,03-Jun-2017
692,WW59DL02,98,N,0,0,interno,105,N,13-Aug-2017
693,KW2DHUI5,98,N,0,0,interno,34,N,19-Dec-2017
694,CA6A5KC2,78,N,0,0,interno,39,N,20-Oct-2017
695,SMZGG44P,14,N,0,0,externo,62,N,17-Jan-2017
696,RL1F1900,10,N,0,0,externo,79,N,25-Aug-2017
697,IH776VM6,78,N,0,0,interno,12,N,02-Aug-2018
698,D7HKXA7A,88,N,0,0,externo,119,N,08-Jul-2018
699,R5V5BNMF,18,N,0,0,externo,104,N,15-Mar-2018
700,R5V5BNMF,75,N,0,0,interno,55,N,24-Nov-2017
701,ZA0EGN20,86,N,0,0,externo,11,N,14-Jun-2017
702,EX7Z0O96,49,N,0,0,externo,137,N,12-Jan-2018
703,TKTO813P,59,N,0,0,interno,141,N,19-Sep-2018
704,UX8N109O,45,N,0,0,interno,105,N,02-Sep-2017
705,IU48BR6G,27,N,0,0,externo,61,N,12-Jul-2018
706,ZT629SN7,60,N,0,0,interno,63,N,09-Nov-2018
707,S4U1EIA6,3,N,0,0,externo,87,N,14-Apr-2018
708,H5WI3AD1,10,N,0,0,externo,19,N,11-Dec-2017
709,PZZ1449T,90,N,0,0,externo,117,N,06-Nov-2017
710,II1530HN,61,N,0,0,interno,45,N,27-Jun-2017
711,PZZ1449T,40,N,0,0,externo,73,N,01-May-2017
712,B7J9330W,25,N,0,0,interno,138,N,04-Aug-2018
713,HBFWP7QQ,31,N,0,0,interno,27,N,05-Jul-2018
714,DZYW1HW9,57,N,0,0,externo,59,N,16-Jul-2017
715,S4U1EIA6,42,N,0,0,externo,113,N,29-Jun-2018
716,U15T3B58,1,N,0,0,interno,84,N,17-Aug-2018
717,B9NX9PQ8,32,N,0,0,externo,58,N,28-Apr-2017
718,B0455B46,3,N,0,0,interno,105,N,20-Apr-2018
719,ZA0EGN20,97,N,0,0,interno,23,N,12-Sep-2018
720,H5WI3AD1,42,N,0,0,externo,36,N,22-Jan-2017
721,C4M7RYT5,6,N,0,0,externo,128,N,21-Jul-2017
722,RL1F1900,86,N,0,0,externo,26,N,18-Apr-2018
723,R900Z5T0,28,N,0,0,interno,103,N,15-Nov-2017
724,LU11N645,86,N,0,0,interno,76,N,30-Nov-2018
725,TKTO813P,50,N,0,0,interno,127,N,22-Jun-2017
726,S4U1EIA6,86,N,0,0,interno,75,N,27-Dec-2016
727,U15T3B58,22,N,0,0,interno,105,N,13-Apr-2017
728,IH776VM6,82,N,0,0,interno,41,N,21-Dec-2016
729,B0455B46,49,N,0,0,externo,43,N,02-Dec-2018
730,Y3L31C18,36,N,0,0,externo,100,N,07-Mar-2017
731,RTH1CKX8,64,N,0,0,interno,78,N,17-Apr-2018
732,TKTO813P,58,N,0,0,interno,126,N,22-Feb-2018
733,YMXYQU0P,90,N,0,0,interno,37,N,04-Nov-2017
734,TIEJG1VV,29,N,0,0,interno,125,N,20-Oct-2018
735,ZNE2S15V,90,N,0,0,externo,140,N,11-Oct-2018
736,M221739X,55,N,0,0,interno,41,N,07-Sep-2017
737,EZKHHV14,2,N,0,0,externo,76,N,09-Apr-2017
738,EX7Z0O96,4,N,0,0,interno,137,N,28-Nov-2017
739,LN6U69Z6,20,N,0,0,interno,27,N,30-Nov-2018
740,BFU3612O,67,N,0,0,interno,64,N,24-Jul-2018
741,TIEJG1VV,74,N,0,0,externo,130,N,23-Dec-2016
742,B0455B46,82,N,0,0,externo,55,N,07-Jun-2018
743,HHJD8ZRD,65,N,0,0,externo,11,N,30-Dec-2016
744,ZNE2S15V,55,N,0,0,interno,14,N,26-Oct-2018
745,R5V5BNMF,1,N,0,0,externo,49,N,27-Apr-2018
746,QCO75924,14,N,0,0,externo,138,N,04-Feb-2017
747,ZA0EGN20,26,N,0,0,interno,42,N,22-Aug-2017
748,HBFWP7QQ,42,N,0,0,interno,17,N,25-Aug-2018
749,K0F90INC,94,N,0,0,interno,141,N,20-May-2017
750,YMXYQU0P,100,N,0,0,externo,96,N,29-Sep-2017
751,U588U7NL,81,N,0,0,externo,10,N,22-Feb-2017
752,MP166CKE,42,N,0,0,externo,33,N,03-Jan-2018
753,C9C91B0D,83,N,0,0,externo,116,N,16-Sep-2018
754,RWPTI6LA,37,N,0,0,externo,67,N,26-May-2018
755,D7HKXA7A,52,N,0,0,externo,31,N,02-Mar-2017
756,OUUKAYY6,58,N,0,0,interno,66,N,31-May-2018
757,ZA6LC3PQ,9,N,0,0,externo,102,N,10-May-2017
758,HHJD8ZRD,57,N,0,0,externo,143,N,23-Oct-2018
759,Q3U08259,91,N,0,0,externo,24,N,14-Jan-2017
760,B0455B46,85,N,0,0,interno,95,N,17-Feb-2017
761,RA630MC2,35,N,0,0,externo,85,N,24-Sep-2018
762,Y7GX6X3Y,53,N,0,0,externo,48,N,20-Jul-2018
763,SMZGG44P,65,N,0,0,interno,50,N,28-Mar-2018
764,JCQNP9P0,76,N,0,0,externo,63,N,02-Feb-2018
765,TKTO813P,63,N,0,0,externo,141,N,22-Jan-2018
766,OUUKAYY6,93,N,0,0,interno,69,N,10-Aug-2018
767,J3J343OM,54,N,0,0,externo,146,N,16-Dec-2016
768,LN6U69Z6,17,N,0,0,interno,26,N,16-Sep-2018
769,IH776VM6,58,N,0,0,interno,89,N,23-Jun-2018
770,GYMA6DT5,23,N,0,0,externo,73,N,12-May-2018
771,XO5EER3A,8,N,0,0,interno,51,N,03-Apr-2017
772,SMZGG44P,2,N,0,0,interno,27,N,23-Jun-2017
773,UX8N109O,5,N,0,0,interno,32,N,13-Apr-2017
774,JCQNP9P0,2,N,0,0,externo,121,N,11-Aug-2018
775,GYMA6DT5,47,N,0,0,interno,105,N,23-May-2018
776,JCQNP9P0,76,N,0,0,interno,130,N,22-Aug-2018
777,D7HKXA7A,90,N,0,0,interno,80,N,23-Oct-2017
778,LN6U69Z6,52,N,0,0,externo,41,N,04-Nov-2017
779,KW2DHUI5,81,N,0,0,externo,69,N,09-May-2017
780,YK7P7I99,89,N,0,0,externo,122,N,03-Jun-2018
781,RA630MC2,58,N,0,0,interno,37,N,05-Feb-2017
782,KDMK79D5,84,N,0,0,externo,127,N,16-Feb-2017
783,TXEV64YX,52,N,0,0,externo,118,N,06-Nov-2017
784,P5QS1G7H,8,N,0,0,externo,117,N,23-Sep-2018
785,LU11N645,20,N,0,0,externo,13,N,04-Feb-2018
786,RTH1CKX8,10,N,0,0,externo,95,N,07-Jul-2018
787,J76D1KXN,36,N,0,0,interno,99,N,14-Apr-2018
788,A1Z0OX83,37,N,0,0,externo,84,N,12-Dec-2017
789,KW2DHUI5,22,N,0,0,externo,54,N,16-Jan-2017
790,II1530HN,25,N,0,0,interno,22,N,19-Sep-2018
791,EZKHHV14,82,N,0,0,interno,148,N,20-Aug-2018
792,U15T3B58,33,N,0,0,externo,86,N,30-Sep-2017
793,G84O86K6,97,N,0,0,externo,135,N,20-Apr-2017
794,J3J343OM,85,N,0,0,externo,24,N,17-Jan-2018
795,ZA6LC3PQ,74,N,0,0,interno,81,N,12-Apr-2017
796,JCQNP9P0,26,N,0,0,externo,64,N,08-Jan-2018
797,CANAR7J0,68,N,0,0,externo,131,N,25-Nov-2018
798,I7S6CY55,89,N,0,0,externo,55,N,15-Jun-2018
799,ZNE2S15V,60,N,0,0,externo,116,N,02-Aug-2017
800,JCQNP9P0,94,N,0,0,interno,89,N,01-Sep-2018
801,RA630MC2,45,N,0,0,externo,113,N,20-Apr-2017
802,R5V5BNMF,25,N,0,0,interno,10,N,16-Jan-2018
803,C4M7RYT5,80,N,0,0,interno,73,N,18-Aug-2017
804,RL1F1900,84,N,0,0,interno,138,N,07-Feb-2017
805,N44Q741F,57,N,0,0,interno,54,N,11-Jul-2018
806,R5V5BNMF,11,N,0,0,externo,26,N,30-Jul-2017
807,N1AKJ8P5,56,N,0,0,interno,13,N,27-Oct-2017
808,D7HKXA7A,49,N,0,0,externo,105,N,26-Mar-2017
809,SSOZVHVC,52,N,0,0,interno,15,N,06-Nov-2018
810,JCQNP9P0,31,N,0,0,interno,10,N,19-Nov-2017
811,G84O86K6,32,N,0,0,externo,133,N,09-May-2017
812,SSOZVHVC,13,N,0,0,externo,106,N,22-Mar-2018
813,EX7Z0O96,73,N,0,0,interno,70,N,18-Jul-2017
814,LU11N645,56,N,0,0,interno,6,N,27-May-2018
815,U15T3B58,69,N,0,0,interno,133,N,29-Apr-2018
816,QP78W194,58,N,0,0,interno,28,N,12-Apr-2017
817,RA630MC2,12,N,0,0,interno,132,N,28-Jan-2018
818,B0455B46,48,N,0,0,externo,68,N,26-Mar-2017
819,JN24S7HA,18,N,0,0,interno,50,N,12-Apr-2017
820,YMXYQU0P,61,N,0,0,externo,130,N,24-Jun-2017
821,PZZ1449T,3,N,0,0,externo,96,N,01-Aug-2018
822,YK7P7I99,61,N,0,0,interno,138,N,06-Sep-2017
823,B9NX9PQ8,30,N,0,0,interno,64,N,05-Mar-2017
824,HHJD8ZRD,20,N,0,0,interno,50,N,06-Jan-2017
825,W29FF1ME,57,N,0,0,externo,10,N,23-Aug-2018
826,K0F90INC,9,N,0,0,interno,8,N,02-Oct-2018
827,W3443TE5,43,N,0,0,interno,102,N,27-Nov-2018
828,MP166CKE,60,N,0,0,interno,6,N,22-Dec-2017
829,B7J9330W,34,N,0,0,externo,138,N,26-May-2018
830,HHJD8ZRD,54,N,0,0,externo,13,N,12-Dec-2017
831,YMXYQU0P,59,N,0,0,interno,144,N,30-Mar-2017
832,II1530HN,99,N,0,0,interno,17,N,20-Mar-2018
833,GYMA6DT5,78,N,0,0,interno,112,N,26-Apr-2018
834,Y9J02PVL,41,N,0,0,interno,95,N,03-May-2018
835,H5WI3AD1,27,N,0,0,externo,8,N,18-Apr-2017
836,S3Y181RS,69,N,0,0,interno,87,N,02-Jul-2018
837,GOC5ZI3H,50,N,0,0,interno,61,N,22-Sep-2017
838,CA6A5KC2,45,N,0,0,interno,123,N,16-Aug-2017
839,I2EPC281,87,N,0,0,externo,128,N,12-Feb-2018
840,R900Z5T0,10,N,0,0,externo,41,N,14-May-2017
841,W3443TE5,5,N,0,0,interno,27,N,28-Nov-2018
842,UX8N109O,33,N,0,0,interno,63,N,13-Dec-2018
843,Y9J02PVL,43,N,0,0,interno,129,N,24-May-2018
844,OUUKAYY6,65,N,0,0,interno,29,N,23-Mar-2018
845,DZYW1HW9,74,N,0,0,externo,66,N,27-Sep-2017
846,JCQNP9P0,62,N,0,0,externo,116,N,25-Aug-2017
847,TXEV64YX,16,N,0,0,interno,32,N,19-May-2018
848,P5QS1G7H,34,N,0,0,externo,102,N,27-Dec-2017
849,R5V5BNMF,19,N,0,0,externo,63,N,27-Apr-2017
850,WW59DL02,11,N,0,0,externo,92,N,15-Feb-2017
851,RL1F1900,30,N,0,0,interno,74,N,04-Oct-2018
852,EZKHHV14,31,N,0,0,externo,53,N,22-Dec-2016
853,SSOZVHVC,18,N,0,0,externo,77,N,09-Aug-2018
854,YMXYQU0P,99,N,0,0,interno,76,N,29-Apr-2018
855,U588U7NL,35,N,0,0,externo,71,N,15-Nov-2017
856,JCQNP9P0,87,N,0,0,interno,111,N,19-Mar-2018
857,W3443TE5,72,N,0,0,interno,109,N,18-Jul-2018
858,K0F90INC,97,N,0,0,externo,93,N,01-Sep-2017
859,KW2DHUI5,21,N,0,0,externo,20,N,07-Nov-2017
860,HHJD8ZRD,58,N,0,0,interno,45,N,26-Oct-2018
861,R900Z5T0,47,N,0,0,externo,66,N,13-Aug-2017
862,KDMK79D5,74,N,0,0,externo,18,N,05-Sep-2018
863,CANAR7J0,1,N,0,0,externo,81,N,02-Jul-2017
864,XZ3F3K96,50,N,0,0,interno,146,N,28-Jun-2017
865,GOC5ZI3H,30,N,0,0,externo,25,N,22-Jul-2017
866,GYMA6DT5,79,N,0,0,interno,7,N,13-Feb-2017
867,LU11N645,1,N,0,0,externo,87,N,22-Jun-2018
868,R5V5BNMF,75,N,0,0,interno,25,N,02-Jul-2018
869,A1Z0OX83,14,N,0,0,interno,45,N,25-Jun-2018
870,K0F90INC,85,N,0,0,externo,132,N,25-Apr-2018
871,S3Y181RS,51,N,0,0,interno,123,N,04-Mar-2017
872,EZKHHV14,50,N,0,0,interno,130,N,03-Jul-2018
873,WW59DL02,97,N,0,0,interno,127,N,16-Nov-2018
874,BFU3612O,32,N,0,0,interno,138,N,18-Jan-2018
875,II1530HN,43,N,0,0,interno,93,N,05-Dec-2017
876,C4M7RYT5,51,N,0,0,externo,104,N,06-Aug-2018
877,GYMA6DT5,46,N,0,0,externo,58,N,12-Apr-2018
878,EX7Z0O96,92,N,0,0,interno,41,N,11-Jun-2017
879,KDMK79D5,85,N,0,0,externo,138,N,28-May-2018
880,N44Q741F,22,N,0,0,externo,70,N,19-Dec-2017
881,K0F90INC,100,N,0,0,interno,79,N,01-Sep-2018
882,I2EPC281,40,N,0,0,externo,65,N,07-Aug-2017
883,HHJD8ZRD,59,N,0,0,externo,108,N,18-Feb-2018
884,IU48BR6G,39,N,0,0,interno,78,N,03-Mar-2018
885,I7S6CY55,6,N,0,0,interno,103,N,29-May-2017
886,GOC5ZI3H,57,N,0,0,interno,40,N,17-Jul-2018
887,K0F90INC,15,N,0,0,externo,79,N,09-Oct-2017
888,HBFWP7QQ,9,N,0,0,interno,12,N,17-Dec-2017
889,SSOZVHVC,79,N,0,0,externo,109,N,13-Aug-2018
890,C9C91B0D,75,N,0,0,interno,50,N,11-Apr-2017
891,QP78W194,97,N,0,0,interno,105,N,06-Sep-2018
892,P5QS1G7H,49,N,0,0,interno,62,N,22-Mar-2017
893,WW59DL02,45,N,0,0,externo,106,N,11-Jan-2017
894,DZYW1HW9,55,N,0,0,externo,54,N,08-Aug-2017
895,N44Q741F,11,N,0,0,externo,83,N,01-Dec-2018
896,II1530HN,31,N,0,0,externo,102,N,28-Feb-2017
897,QCO75924,60,N,0,0,externo,132,N,23-Oct-2017
898,RA630MC2,5,N,0,0,interno,128,N,03-Jul-2017
899,K0F90INC,61,N,0,0,interno,23,N,17-Jun-2017
900,TXEV64YX,82,N,0,0,externo,108,N,20-Jun-2017
901,Y9J02PVL,86,N,0,0,externo,73,N,16-Nov-2017
902,KDMK79D5,16,N,0,0,externo,93,N,16-Jun-2017
903,KW2DHUI5,100,N,0,0,interno,116,N,11-Jan-2017
904,R900Z5T0,60,N,0,0,externo,97,N,26-Aug-2017
905,EX7Z0O96,78,N,0,0,externo,39,N,12-Nov-2017
906,GYMA6DT5,92,N,0,0,externo,137,N,21-Feb-2018
907,S4U1EIA6,55,N,0,0,externo,9,N,08-Oct-2017
908,G84O86K6,97,N,0,0,externo,78,N,19-Feb-2018
909,XO5EER3A,44,N,0,0,externo,122,N,23-Apr-2017
910,RWPTI6LA,18,N,0,0,interno,75,N,19-Apr-2017
911,Y7GX6X3Y,73,N,0,0,externo,107,N,03-Apr-2018
912,K0F90INC,32,N,0,0,interno,107,N,25-May-2017
913,N1AKJ8P5,18,N,0,0,interno,138,N,12-Oct-2018
914,XZ3F3K96,22,N,0,0,externo,90,N,15-Nov-2017
915,PZZ1449T,86,N,0,0,interno,69,N,21-Apr-2018
916,CA6A5KC2,84,N,0,0,interno,148,N,26-Nov-2017
917,EZKHHV14,71,N,0,0,interno,64,N,16-Jan-2017
918,U987SI42,70,N,0,0,interno,40,N,13-Aug-2017
919,OUUKAYY6,20,N,0,0,interno,48,N,10-Mar-2017
920,R5V5BNMF,15,N,0,0,interno,11,N,29-Sep-2018
921,Y7GX6X3Y,3,N,0,0,externo,102,N,01-Dec-2018
922,U15T3B58,87,N,0,0,interno,31,N,29-Jan-2017
923,HBFWP7QQ,41,N,0,0,externo,115,N,20-Oct-2018
924,II1530HN,52,N,0,0,externo,71,N,30-Dec-2017
925,W29FF1ME,66,N,0,0,interno,127,N,29-May-2017
926,Y3L31C18,82,N,0,0,interno,44,N,22-Sep-2018
927,KDMK79D5,78,N,0,0,interno,68,N,28-Sep-2017
928,R5V5BNMF,24,N,0,0,externo,86,N,15-Feb-2017
929,B0455B46,76,N,0,0,externo,80,N,14-Dec-2018
930,II1530HN,12,N,0,0,externo,27,N,09-Jul-2017
931,KDMK79D5,38,N,0,0,interno,20,N,28-Jan-2017
932,R900Z5T0,64,N,0,0,externo,46,N,25-Mar-2017
933,PZZ1449T,56,N,0,0,externo,44,N,19-Jun-2018
934,W29FF1ME,19,N,0,0,externo,31,N,15-Jan-2017
935,HHJD8ZRD,6,N,0,0,externo,150,N,21-Aug-2018
936,SMZGG44P,94,N,0,0,interno,134,N,16-Oct-2018
937,UX8N109O,93,N,0,0,interno,65,N,18-Jan-2018
938,EX7Z0O96,94,N,0,0,interno,44,N,10-Aug-2017
939,T69K9A18,11,N,0,0,interno,139,N,01-May-2017
940,EX7Z0O96,10,N,0,0,externo,87,N,15-Oct-2018
941,HHJD8ZRD,56,N,0,0,externo,92,N,24-Feb-2017
942,M221739X,81,N,0,0,interno,5,N,07-Jun-2017
943,MP166CKE,2,N,0,0,interno,98,N,05-Mar-2018
944,U588U7NL,16,N,0,0,interno,42,N,19-Jun-2017
945,LU11N645,66,N,0,0,interno,107,N,21-Dec-2017
946,W3443TE5,67,N,0,0,externo,77,N,12-Apr-2018
947,P5QS1G7H,73,N,0,0,externo,146,N,05-Dec-2017
948,JN24S7HA,15,N,0,0,externo,29,N,06-Apr-2018
949,QP78W194,89,N,0,0,externo,6,N,12-Nov-2018
950,GYMA6DT5,29,N,0,0,externo,131,N,20-Feb-2018
951,CANAR7J0,41,N,0,0,externo,79,N,24-Feb-2017
952,Y3L31C18,89,N,0,0,interno,106,N,17-May-2018
953,W3443TE5,10,N,0,0,externo,138,N,30-Nov-2018
954,B0455B46,78,N,0,0,interno,147,N,11-Nov-2017
955,HHJD8ZRD,74,N,0,0,externo,141,N,21-Jun-2018
956,CA6A5KC2,90,N,0,0,interno,131,N,06-Apr-2017
957,DZYW1HW9,25,N,0,0,externo,125,N,05-Jun-2017
958,XO5EER3A,22,N,0,0,interno,150,N,28-Dec-2016
959,C4M7RYT5,23,N,0,0,interno,24,N,10-Jun-2017
960,J3J343OM,35,N,0,0,interno,61,N,23-Dec-2016
961,RL1F1900,17,N,0,0,externo,113,N,05-Feb-2017
962,IH776VM6,98,N,0,0,interno,115,N,10-Jun-2017
963,IH776VM6,4,N,0,0,externo,36,N,09-Sep-2018
964,W3443TE5,34,N,0,0,interno,39,N,18-Nov-2017
965,RL1F1900,66,N,0,0,externo,38,N,13-Feb-2017
966,B9NX9PQ8,69,N,0,0,interno,23,N,21-Dec-2016
967,I7S6CY55,43,N,0,0,externo,38,N,25-Jul-2017
968,IU48BR6G,89,N,0,0,interno,90,N,22-Nov-2017
969,IH776VM6,62,N,0,0,interno,73,N,21-Dec-2016
970,C4M7RYT5,22,N,0,0,externo,64,N,23-Jun-2017
971,W29FF1ME,43,N,0,0,externo,74,N,09-Mar-2018
972,Y7GX6X3Y,8,N,0,0,externo,57,N,08-Sep-2018
973,C4M7RYT5,81,N,0,0,externo,144,N,23-Jan-2017
974,HBFWP7QQ,59,N,0,0,externo,34,N,10-Aug-2017
975,T69K9A18,86,N,0,0,externo,109,N,28-Feb-2018
976,IH776VM6,93,N,0,0,externo,25,N,26-Oct-2018
977,CA6A5KC2,97,N,0,0,externo,36,N,29-Aug-2017
978,WW59DL02,78,N,0,0,externo,9,N,09-Sep-2017
979,PZZ1449T,22,N,0,0,externo,88,N,20-Aug-2017
980,RA630MC2,26,N,0,0,externo,52,N,07-Jun-2017
981,IU48BR6G,37,N,0,0,interno,117,N,06-Oct-2017
982,T69K9A18,11,N,0,0,externo,142,N,27-Aug-2018
983,ZA0EGN20,25,N,0,0,interno,28,N,09-Oct-2017
984,WW59DL02,75,N,0,0,externo,88,N,09-Aug-2017
985,Y7GX6X3Y,69,N,0,0,interno,126,N,25-Feb-2018
986,U588U7NL,79,N,0,0,externo,9,N,26-Dec-2017
987,QCO75924,86,N,0,0,externo,73,N,04-Apr-2018
988,G84O86K6,8,N,0,0,interno,7,N,28-Sep-2017
989,PZZ1449T,16,N,0,0,interno,62,N,15-Sep-2018
990,II1530HN,80,N,0,0,externo,53,N,04-Nov-2018
991,C9C91B0D,47,N,0,0,interno,82,N,12-Sep-2018
992,J3J343OM,31,N,0,0,externo,70,N,19-Feb-2017
993,CANAR7J0,54,N,0,0,interno,23,N,29-Jan-2017
994,QCO75924,86,N,0,0,interno,125,N,22-Jun-2017
995,KW2DHUI5,91,N,0,0,externo,82,N,30-Apr-2017
996,B7J9330W,58,N,0,0,externo,48,N,11-Apr-2018
997,T69K9A18,10,N,0,0,externo,54,N,11-Mar-2017
998,ZA6LC3PQ,79,N,0,0,externo,118,N,26-Dec-2016
999,YK7P7I99,17,N,0,0,externo,60,N,27-Jun-2018
1000,LU11N645,59,N,0,0,externo,135,N,05-Dec-2017
1001,TXEV64YX,11,N,0,0,externo,13,N,14-Aug-2018
1002,TIEJG1VV,76,N,0,0,interno,8,N,10-Jun-2017
1003,YK7P7I99,34,N,0,0,externo,16,N,10-Aug-2017
1004,C9C91B0D,85,N,0,0,externo,76,N,05-Apr-2017
1005,J3J343OM,81,N,0,0,externo,84,N,18-Oct-2018
1006,II1530HN,21,N,0,0,interno,52,N,22-Dec-2017
1007,ZA0EGN20,24,N,0,0,externo,60,N,02-Jun-2018
1008,ZT629SN7,67,N,0,0,interno,61,N,04-Jul-2017
1009,W3443TE5,100,N,0,0,externo,76,N,04-Nov-2017
1010,GOC5ZI3H,44,N,0,0,interno,129,N,09-Jun-2018
1011,HBFWP7QQ,40,N,0,0,interno,7,N,07-Dec-2018
1012,LN6U69Z6,31,N,0,0,interno,59,N,20-Jan-2018
1013,A1Z0OX83,81,N,0,0,interno,110,N,07-Oct-2017
1014,RWPTI6LA,96,N,0,0,interno,15,N,27-Sep-2017
1015,EZKHHV14,71,N,0,0,interno,26,N,09-Nov-2018
1016,WW59DL02,11,N,0,0,interno,118,N,29-Jun-2018
1017,B7J9330W,21,N,0,0,externo,145,N,19-Mar-2017
1018,KW2DHUI5,48,N,0,0,externo,36,N,07-Feb-2017
1019,SSOZVHVC,20,N,0,0,interno,8,N,23-Dec-2016
1020,J76D1KXN,93,N,0,0,interno,46,N,24-May-2017
1021,Y9J02PVL,34,N,0,0,externo,124,N,15-Feb-2017
1022,HHJD8ZRD,97,N,0,0,interno,121,N,19-Feb-2017
1023,C4M7RYT5,34,N,0,0,interno,71,N,09-Jun-2018
1024,WW59DL02,14,N,0,0,interno,149,N,20-Mar-2018
1025,QCO75924,94,N,0,0,interno,150,N,20-Jul-2017
1026,M221739X,78,N,0,0,interno,23,N,26-May-2017
1027,U588U7NL,9,N,0,0,externo,116,N,17-Feb-2017
1028,CANAR7J0,89,N,0,0,externo,98,N,02-May-2018
1029,XZ3F3K96,61,N,0,0,externo,109,N,27-Jul-2018
1030,CA6A5KC2,30,N,0,0,interno,59,N,24-Dec-2017
1031,EX7Z0O96,90,N,0,0,externo,75,N,06-Jun-2017
1032,U15T3B58,58,N,0,0,interno,44,N,26-Dec-2017
1033,ZNE2S15V,56,N,0,0,interno,75,N,17-Oct-2017
1034,TIEJG1VV,62,N,0,0,externo,37,N,12-Jul-2017
1035,B9NX9PQ8,52,N,0,0,interno,25,N,21-Dec-2017
1036,ZNE2S15V,82,N,0,0,interno,36,N,27-Jun-2017
1037,YK7P7I99,43,N,0,0,interno,88,N,15-Jul-2018
1038,S4U1EIA6,56,N,0,0,interno,9,N,26-Jan-2018
1039,Q3U08259,88,N,0,0,externo,86,N,18-Jun-2018
1040,M221739X,71,N,0,0,interno,25,N,26-Mar-2017
1041,OUUKAYY6,93,N,0,0,interno,36,N,29-Jun-2018
1042,Y7GX6X3Y,38,N,0,0,interno,69,N,08-Apr-2017
1043,ZA0EGN20,92,N,0,0,externo,90,N,01-Nov-2017
1044,PZZ1449T,73,N,0,0,externo,69,N,05-Jun-2018
1045,B7J9330W,56,N,0,0,interno,126,N,20-May-2017
1046,MP166CKE,73,N,0,0,interno,50,N,27-Jun-2018
1047,TXEV64YX,22,N,0,0,interno,15,N,22-Jun-2017
1048,CANAR7J0,50,N,0,0,externo,30,N,02-Feb-2018
1049,R5V5BNMF,5,N,0,0,interno,52,N,15-Jun-2017
1050,U987SI42,58,N,0,0,interno,145,N,15-Aug-2017
1051,S3Y181RS,24,N,0,0,externo,96,N,27-Sep-2017
1052,HHJD8ZRD,50,N,0,0,interno,131,N,17-Oct-2018
1053,U987SI42,10,N,0,0,externo,82,N,26-Oct-2017
1054,J76D1KXN,91,N,0,0,interno,116,N,03-Oct-2017
1055,JCQNP9P0,96,N,0,0,interno,126,N,03-May-2017
1056,U15T3B58,71,N,0,0,externo,8,N,14-Apr-2018
1057,ZA6LC3PQ,61,N,0,0,externo,123,N,09-Aug-2017
1058,A1Z0OX83,7,N,0,0,externo,109,N,14-Dec-2017
1059,TXEV64YX,79,N,0,0,externo,26,N,22-Aug-2018
1060,T69K9A18,73,N,0,0,interno,41,N,18-Apr-2018
1061,W3443TE5,64,N,0,0,externo,117,N,21-Jun-2018
1062,B7J9330W,84,N,0,0,interno,92,N,24-Apr-2017
1063,PZZ1449T,82,N,0,0,interno,57,N,20-Nov-2018
1064,ZA6LC3PQ,45,N,0,0,interno,40,N,15-Apr-2018
1065,D7HKXA7A,97,N,0,0,externo,131,N,26-Jun-2017
1066,KDMK79D5,90,N,0,0,externo,115,N,18-Jan-2017
1067,ZNE2S15V,54,N,0,0,externo,53,N,24-Oct-2018
1068,ZT629SN7,22,N,0,0,interno,76,N,05-Dec-2018
1069,ZA6LC3PQ,36,N,0,0,externo,55,N,26-Jul-2018
1070,RA630MC2,59,N,0,0,externo,142,N,02-Feb-2017
1071,C4M7RYT5,38,N,0,0,interno,17,N,14-Feb-2018
1072,SMZGG44P,78,N,0,0,interno,130,N,15-Nov-2018
1073,U588U7NL,88,N,0,0,interno,72,N,10-Sep-2017
1074,C9C91B0D,38,N,0,0,interno,141,N,07-Aug-2017
1075,EZKHHV14,31,N,0,0,interno,80,N,21-Nov-2017
1076,LN6U69Z6,84,N,0,0,externo,49,N,02-May-2018
1077,B9NX9PQ8,11,N,0,0,interno,142,N,22-Nov-2017
1078,Y3L31C18,18,N,0,0,externo,134,N,02-Sep-2018
1079,IH776VM6,44,N,0,0,externo,11,N,05-Apr-2017
1080,TIEJG1VV,12,N,0,0,externo,22,N,28-May-2018
1081,W3443TE5,48,N,0,0,interno,48,N,03-Oct-2018
1082,DZYW1HW9,64,N,0,0,interno,118,N,17-Feb-2017
1083,H5WI3AD1,73,N,0,0,externo,140,N,07-Jul-2017
1084,Y7GX6X3Y,70,N,0,0,externo,63,N,10-Nov-2018
1085,TXEV64YX,24,N,0,0,externo,14,N,27-Nov-2018
1086,RA630MC2,84,N,0,0,interno,117,N,16-Feb-2017
1087,JCQNP9P0,81,N,0,0,externo,136,N,25-Dec-2016
1088,QCO75924,15,N,0,0,interno,61,N,09-Feb-2018
1089,OUUKAYY6,77,N,0,0,externo,106,N,13-Nov-2018
1090,IU48BR6G,40,N,0,0,externo,83,N,27-Apr-2017
1091,DZYW1HW9,39,N,0,0,interno,144,N,16-Apr-2017
1092,ZT629SN7,85,N,0,0,interno,43,N,09-Aug-2017
1093,QP78W194,86,N,0,0,externo,109,N,29-Jun-2018
1094,RTH1CKX8,2,N,0,0,externo,83,N,21-May-2017
1095,RL1F1900,31,N,0,0,externo,103,N,29-Dec-2017
1096,LU11N645,1,N,0,0,externo,98,N,19-Feb-2017
1097,YMXYQU0P,31,N,0,0,interno,58,N,27-Jan-2018
1098,KDMK79D5,53,N,0,0,interno,32,N,22-Dec-2017
1099,I2EPC281,48,N,0,0,interno,130,N,28-Feb-2018
1100,I7S6CY55,11,N,0,0,externo,20,N,11-Aug-2018
1101,ZNE2S15V,1,N,0,0,externo,69,N,06-Apr-2018
1102,Y3L31C18,78,N,0,0,externo,125,N,22-Nov-2018
1103,DZYW1HW9,98,N,0,0,externo,14,N,09-Nov-2017
1104,OUUKAYY6,43,N,0,0,externo,63,N,19-Jan-2018
1105,XZ3F3K96,33,N,0,0,interno,114,N,14-Feb-2017
1106,JCQNP9P0,73,N,0,0,interno,82,N,28-Jul-2018
1107,C9C91B0D,28,N,0,0,interno,6,N,28-Sep-2017
1108,S4U1EIA6,10,N,0,0,externo,142,N,11-Aug-2018
1109,XZ3F3K96,60,N,0,0,interno,77,N,08-Jan-2017
1110,T69K9A18,11,N,0,0,interno,63,N,28-Feb-2018
1111,SMZGG44P,50,N,0,0,externo,45,N,28-Nov-2018
1112,TKTO813P,61,N,0,0,interno,147,N,25-Feb-2017
1113,QP78W194,87,N,0,0,interno,107,N,25-Oct-2018
1114,D7HKXA7A,88,N,0,0,externo,44,N,12-Aug-2018
1115,I7S6CY55,3,N,0,0,interno,99,N,02-Dec-2017
1116,YMXYQU0P,85,N,0,0,externo,41,N,30-Sep-2017
1117,I2EPC281,100,N,0,0,externo,33,N,25-Apr-2017
1118,QCO75924,64,N,0,0,interno,117,N,27-Jul-2018
1119,A1Z0OX83,93,N,0,0,interno,24,N,09-Sep-2018
1120,QP78W194,14,N,0,0,interno,26,N,26-Feb-2017
1121,XO5EER3A,91,N,0,0,externo,126,N,08-May-2018
1122,B0455B46,50,N,0,0,externo,125,N,13-Jan-2018
1123,D7HKXA7A,23,N,0,0,interno,24,N,22-Jan-2017
1124,CA6A5KC2,46,N,0,0,externo,29,N,30-Dec-2017
1125,ZT629SN7,3,N,0,0,externo,109,N,09-Feb-2018
1126,YK7P7I99,62,N,0,0,interno,60,N,16-Nov-2018
1127,HHJD8ZRD,97,N,0,0,externo,67,N,25-Mar-2018
1128,SSOZVHVC,53,N,0,0,interno,147,N,26-Nov-2018
1129,PZZ1449T,84,N,0,0,interno,64,N,04-Jul-2018
1130,A1Z0OX83,58,N,0,0,externo,35,N,06-Sep-2017
1131,RWPTI6LA,30,N,0,0,interno,141,N,30-Sep-2018
1132,R900Z5T0,80,N,0,0,interno,124,N,08-Aug-2018
1133,ZA6LC3PQ,88,N,0,0,externo,44,N,15-Sep-2017
1134,QP78W194,56,N,0,0,interno,26,N,16-Jul-2018
1135,J76D1KXN,22,N,0,0,externo,97,N,22-Jan-2018
1136,ZA0EGN20,4,N,0,0,interno,27,N,31-Oct-2018
1137,EX7Z0O96,31,N,0,0,externo,127,N,04-Jul-2017
1138,A1Z0OX83,21,N,0,0,externo,103,N,02-Mar-2018
1139,RL1F1900,6,N,0,0,interno,71,N,25-Feb-2018
1140,RWPTI6LA,33,N,0,0,externo,126,N,23-Jan-2017
1141,OUUKAYY6,82,N,0,0,interno,126,N,25-Jun-2017
1142,H5WI3AD1,56,N,0,0,interno,51,N,11-Feb-2017
1143,RTH1CKX8,22,N,0,0,interno,123,N,12-Jan-2018
1144,ZA0EGN20,39,N,0,0,interno,109,N,24-Oct-2018
1145,B0455B46,96,N,0,0,interno,146,N,04-May-2017
1146,A1Z0OX83,44,N,0,0,externo,15,N,03-May-2017
1147,TXEV64YX,72,N,0,0,interno,149,N,12-Dec-2017
1148,GOC5ZI3H,100,N,0,0,interno,148,N,15-May-2018
1149,C4M7RYT5,79,N,0,0,externo,49,N,03-May-2017
1150,IH776VM6,40,N,0,0,externo,86,N,20-May-2017
1151,S4U1EIA6,5,N,0,0,externo,140,N,08-Sep-2017
1152,SMZGG44P,96,N,0,0,interno,76,N,01-Feb-2018
1153,Y9J02PVL,90,N,0,0,interno,138,N,09-Oct-2017
1154,P5QS1G7H,34,N,0,0,externo,18,N,28-Mar-2018
1155,M221739X,18,N,0,0,externo,9,N,30-Jan-2018
1156,C9C91B0D,27,N,0,0,externo,7,N,08-Jul-2018
1157,TIEJG1VV,34,N,0,0,externo,10,N,26-Jun-2018
1158,B0455B46,25,N,0,0,externo,55,N,10-Jul-2017
1159,EX7Z0O96,30,N,0,0,interno,113,N,14-May-2018
1160,EZKHHV14,96,N,0,0,interno,36,N,21-Mar-2017
1161,ZA6LC3PQ,52,N,0,0,externo,94,N,23-Aug-2018
1162,JN24S7HA,26,N,0,0,interno,50,N,09-Jun-2017
1163,B0455B46,93,N,0,0,interno,140,N,05-Oct-2018
1164,H5WI3AD1,37,N,0,0,externo,104,N,31-Oct-2017
1165,QP78W194,24,N,0,0,interno,146,N,30-Nov-2017
1166,CANAR7J0,98,N,0,0,interno,123,N,30-Apr-2017
1167,J76D1KXN,93,N,0,0,externo,29,N,06-Mar-2018
1168,IH776VM6,57,N,0,0,externo,149,N,28-Mar-2018
1169,YK7P7I99,53,N,0,0,interno,15,N,14-Dec-2018
1170,TXEV64YX,75,N,0,0,externo,144,N,20-Feb-2017
1171,K0F90INC,17,N,0,0,interno,33,N,31-Oct-2017
1172,R5V5BNMF,78,N,0,0,interno,54,N,24-Feb-2018
1173,DZYW1HW9,98,N,0,0,interno,65,N,27-Jan-2018
1174,ZA0EGN20,1,N,0,0,interno,69,N,08-Nov-2017
1175,HHJD8ZRD,81,N,0,0,interno,76,N,04-Dec-2018
1176,I2EPC281,58,N,0,0,externo,47,N,14-Oct-2017
1177,GYMA6DT5,52,N,0,0,externo,74,N,04-Apr-2017
1178,ZA6LC3PQ,39,N,0,0,externo,128,N,17-Aug-2017
1179,LU11N645,72,N,0,0,interno,31,N,21-Sep-2017
1180,A1Z0OX83,65,N,0,0,externo,6,N,12-Apr-2017
1181,WW59DL02,57,N,0,0,externo,130,N,15-Sep-2018
1182,EZKHHV14,70,N,0,0,externo,39,N,22-Jun-2018
1183,G84O86K6,22,N,0,0,interno,65,N,21-May-2018
1184,P5QS1G7H,50,N,0,0,interno,44,N,26-Jun-2018
1185,QCO75924,68,N,0,0,interno,58,N,15-Jul-2017
1186,T69K9A18,6,N,0,0,interno,44,N,16-Sep-2018
1187,QP78W194,74,N,0,0,interno,75,N,30-Apr-2018
1188,U15T3B58,43,N,0,0,externo,130,N,17-Nov-2017
1189,XO5EER3A,56,N,0,0,interno,8,N,16-Oct-2017
1190,B9NX9PQ8,30,N,0,0,interno,95,N,26-May-2017
1191,P5QS1G7H,55,N,0,0,externo,18,N,07-Jul-2017
1192,JN24S7HA,81,N,0,0,externo,70,N,10-Oct-2017
1193,R5V5BNMF,53,N,0,0,externo,118,N,28-Dec-2016
1194,U987SI42,49,N,0,0,interno,126,N,04-Oct-2018
1195,B9NX9PQ8,55,N,0,0,interno,144,N,07-Mar-2017
1196,MP166CKE,38,N,0,0,interno,72,N,26-Nov-2017
1197,ZNE2S15V,73,N,0,0,interno,66,N,09-Nov-2018
1198,Y9J02PVL,44,N,0,0,interno,91,N,15-Aug-2017
1199,HBFWP7QQ,96,N,0,0,externo,86,N,31-Oct-2018
1200,G84O86K6,85,N,0,0,interno,76,N,19-Dec-2016
