1,FABIÁN, CAMPOS, CASTILLO,Coyoacán,CONTADORES ,330,81212,Instituto de Investigaciones en Matemáticas Aplicadas y Sistemas,a,10:58 AM,8:13 PM,/home/fotos/foto5501.jpg,57245689,5565368988,rbees0@utexas.edu
2,CASIANO, ÁLVAREZ, VICENTE,Miguel Hidalgo,CALLE PASO SOMOSIERRA ,75,57588,DGOC: Planta de Composta,t,11:43 AM,8:25 PM,/home/fotos/foto2466.jpg,84476041,5586896346,epetit1@ucla.edu
3,ANTERO, TORRES, ÁLVAREZ,Tláhuac,RENATO LEDUC ,177,79027,Dirección General de Patrimonio Universitario: Oficinas Administrativas Exteriores,a,7:41 AM,8:57 PM,/home/fotos/foto9946.jpg,29580119,5526177255,nthurlbeck2@xing.com
4,CRISTINA, HERRERO, ROMERO,Benito Juárez,GUADALUPE VICTORIA ,457,75056,Facultad de Química: Posgrado de Química,e,11:50 AM,7:06 PM,/home/fotos/foto0270.jpg,58743949,5517288761,bwoolfitt3@about.me
5,GUILLERMO, FERNÁNDEZ, PEÑA,Tlalpan,2 AVENIDA SUR ,18,50708,Centro Nacional de Prevención de Desastres (CENAPRED),t,7:11 AM,8:45 PM,/home/fotos/foto4260.jpg,45115793,5553791595,gdetoile4@yellowbook.com
6,AUGUSTO, IGLESIAS, LOZANO,Iztapalapa,NIÑOS HEROES ,244,26520,DGOC: Servicios Urbanos y Reacondicionamiento,a,9:07 AM,8:35 PM,/home/fotos/foto8936.jpg,68274367,5536497670,lmcmahon5@mysql.com
7,AURELIANO, ARIAS, ORTEGA,Coyoacán,PEDRO HENRIQUEZ ,257,86310,Dirección de Relaciones Laborales,t,12:53 PM,7:48 PM,/home/fotos/foto4646.jpg,79823999,5509385836,hpopley6@skype.com
8,MARCIAL, VÁZQUEZ, FERNÁNDEZ,Milpa Alta,RICARDO FLORES MAGON ,381,28280,Instituto de Investigaciones Sociales,t,10:19 AM,8:39 PM,/home/fotos/foto6465.jpg,10083500,5553230772,lwentworth7@microsoft.com
9,AMPARO, JIMÉNEZ, REYES,Iztapalapa,FRANCISCO LEIVA ,438,26614,Instituto de Investigaciones Filosóficas,t,7:05 AM,8:39 PM,/home/fotos/foto3498.jpg,65376947,5598343432,jhuntall8@constantcontact.com
10,FÉLIX, GARRIDO, PEÑA,Miguel Hidalgo,CEDROS ,112,12729,Dirección de Relaciones Laborales,a,8:20 AM,8:00 PM,/home/fotos/foto4918.jpg,46861854,5502441508,kassaf9@pen.io
11,MÍRIAM, MORA, PÉREZ,Iztacalco,DURANGO ,461,43537,Dirección General de Actividades Cinematográficas: Acervo Bibliográfico y Bóvedas de Nitratos,a,8:36 AM,7:30 PM,/home/fotos/foto3550.jpg,54302251,5552770506,eblasonia@dropbox.com
12,LUCIANO, VIDAL, MEDINA,Benito Juárez,PLZAS. VILLA DE MADRID ,46,09851,Centro Cultural Universitario: Sala de Conciertos Nezahualcóyotl,t,10:45 AM,8:41 PM,/home/fotos/foto0153.jpg,86396354,5580002572,zlavingtonb@nymag.com
13,LÁZARO, GARRIDO, ORTEGA,Cuauhtémoc,PRIVADA EXHACIENDA DE LA ESCALERA ,489,02285,Centro de Enseñanza de Lenguas Extranjeras,e,10:29 AM,7:10 PM,/home/fotos/foto6908.jpg,77860276,5515590094,kmasdingc@utexas.edu
14,ANTERO, MARTÍNEZ, TORRES,Xochimilco,TECNICOS Y MANUALES ,167,47667,Instituto de Biología,a,12:24 PM,8:36 PM,/home/fotos/foto2522.jpg,16751308,5521808651,rgarnuld@mozilla.org
15,ESTER, ORTIZ, CASTILLO,Cuajimalpa de Morelos,AGUAJE ,100,68894,Facultad de Odontología,a,10:55 AM,7:11 PM,/home/fotos/foto1868.jpg,50084609,5505938233,fstite@histats.com
16,BALDOMERO, CAMPOS, CANO,Tláhuac,EXCONVENTO DE CHURUBUSCO ,183,26196,Centro Cultural Universitario: Teatro Juan Ruiz de Alarcón y Foro Sor Juana Inés de la Cruz,e,12:59 PM,7:11 PM,/home/fotos/foto6073.jpg,80086678,5567359925,mhatcliffef@blinklist.com
17,INÉS, ORTEGA, GALLARDO,Tlalpan,CONTADORES ,392,89247,Dirección General del Colegio de Ciencias y Humanidades,t,1:49 PM,8:28 PM,/home/fotos/foto5489.jpg,77618470,5580715292,yalexisg@bing.com
18,ALONSO, HIDALGO, MORA,Tlalpan,COMUNAL ,495,22634,Dirección General de Cómputo y de Tecnologías de Información y Comunicación,t,7:52 AM,7:56 PM,/home/fotos/foto1790.jpg,97606834,5580098881,arenshawh@symantec.com
19,GABRIEL, NIETO, SÁEZ,Cuauhtémoc,CUAUTITLAN ,477,58351,Facultad de Ingeniería: División de Estudios de Posgrado,t,9:12 AM,7:26 PM,/home/fotos/foto7815.jpg,18314068,5564315826,kapplewhaitei@360.cn
20,ALICIA, HERRERO, MONTORO,Benito Juárez,PATRICIO SANZ ,162,34808,Centro de Enseñanza de Lenguas Extranjeras,t,8:44 AM,8:46 PM,/home/fotos/foto7879.jpg,95445045,5558012155,iburrassj@ihg.com
21,DEMÓCRITO, RODRÍGUEZ, RAMÍREZ,Iztacalco,PARQUE MOLINO DE FLORES ,336,35116,Facultad de Medicina: Centro de Investigación en Políticas: Población y Salud,t,1:04 PM,7:24 PM,/home/fotos/foto2278.jpg,01659159,5596598869,dfozzardk@g.co
22,SEVERINO, IGLESIAS, FLORES,Xochimilco,PRL. MOCTEZUMA ,468,41948,Centro de Enseñanza de Lenguas Extranjeras,t,8:51 AM,7:22 PM,/home/fotos/foto5101.jpg,86331716,5519900449,athorntondewhirstl@list-manage.com
23,BERNARDO, FERRER, REY,Iztacalco,ANDADOR ARCHIDONA ,63,83300,Dirección General de Servicios Generales y Archivo de la UNAM (DGSG),e,11:57 AM,7:27 PM,/home/fotos/foto8820.jpg,42093615,5510171036,ahandrikm@digg.com
24,BARTOLOMÉ, DOMÍNGUEZ, HERNÁNDEZ,Tláhuac,2 AVENIDA SUR ,107,49432,Dirección General de Proveeduría,e,10:48 AM,8:52 PM,/home/fotos/foto9952.jpg,28339328,5588405892,dclemonn@topsy.com
25,GUIDO, IBÁÑEZ, RUBIO,Coyoacán,CAMPO FLORIDO ,435,13007,Instituto de Ingeniería,e,11:27 AM,7:14 PM,/home/fotos/foto9234.jpg,24589176,5538179023,todochertyo@addtoany.com
26,ADÁN, AGUILAR, MARTÍNEZ,Cuajimalpa de Morelos,AMORES ,306,93427,Facultad de Química,e,7:35 AM,8:40 PM,/home/fotos/foto7397.jpg,02039218,5518449826,ccatlettep@wikipedia.org
27,AMADEO, SANTOS, SERRANO,Álvaro Obregón,PALOMAR ,195,84898,Centro Nacional de Prevención de Desastres (CENAPRED),t,9:42 AM,8:00 PM,/home/fotos/foto0621.jpg,52565055,5571034904,jthormannq@cisco.com
28,LUCANO, HERNÁNDEZ, SANZ,Iztapalapa,MANUEL PELAEZ ,319,36307,Facultad de Derecho: Anexo y Posgrado,t,8:39 AM,8:47 PM,/home/fotos/foto5465.jpg,19043695,5518727278,sstollhoferr@independent.co.uk
29,CIPRIANO, MONTERO, RAMÍREZ,Tláhuac,ORQUIDEA ,290,04946,Facultad de Contaduría y Administración: Centro Nacional de Apoyo a la Pequeña y Mediana Empresa,a,10:40 AM,8:40 PM,/home/fotos/foto8036.jpg,83535490,5521742240,pwoodersons@yandex.ru
30,JOEL, DÍEZ, FERRER,Magdalena Contreras,OLIVO ,166,65627,Jardín de Niños,t,1:48 PM,8:25 PM,/home/fotos/foto0722.jpg,44273590,5594517256,dbattaillet@ftc.gov
31,MAURICIO, BRAVO, MORALES,Azcapotzalco,MORELOS ,475,38139,DGDU: Estadio Olímpico Universitario,t,11:02 AM,7:46 PM,/home/fotos/foto4762.jpg,13269128,5529773178,vmccauleyu@vkontakte.ru
32,OTILIA, ARIAS, CASTRO,Cuajimalpa de Morelos,JUAN ZAIZAR ,494,86007,Dirección General de Televisión Universitaria,a,7:32 AM,8:24 PM,/home/fotos/foto9442.jpg,37076178,5547785517,sminettv@mayoclinic.com
33,RAFAEL, ROMERO, DOMÍNGUEZ,Cuauhtémoc,CRUZ VERDE ,97,73164,Instituto de Geografía,e,1:18 PM,7:37 PM,/home/fotos/foto2828.jpg,17183466,5556758923,mnoodsw@netlog.com
34,SEBASTIÁN, RUIZ, MÁRQUEZ,Cuauhtémoc,CDA QUINTANA ROO ,281,75189,Facultad de Ciencias Políticas y Sociales,t,11:07 AM,8:33 PM,/home/fotos/foto1523.jpg,12423983,5512615362,cbanckx@aol.com
35,AARÓN, SANTANA, HERRERO,Gustavo A. Madero,GALDINO H CASADOS ,396,86521,Institutos de Investigaciones Estéticas e Históricas,t,12:31 PM,7:17 PM,/home/fotos/foto7069.jpg,77960664,5507279576,jlystery@wisc.edu
36,BERNARDO, CABALLERO, GIMÉNEZ,Azcapotzalco,EUFEMIO ARREDONDO ,411,25781,Instituto de Investigaciones Biomédicas: Instituto de Investigaciones Biomédicas (Nueva Sede),e,11:27 AM,8:01 PM,/home/fotos/foto3361.jpg,94758738,5593823486,apaolicchiz@clickbank.net
37,SALOMÓN, DOMÍNGUEZ, PARRA,Tláhuac,SN. CIPRIAN ,498,55087,DGDU: Centro de Educación Continua de Estudios Superiores del Deporte,e,12:56 PM,8:20 PM,/home/fotos/foto0139.jpg,43359713,5537423206,walhirsi10@mapquest.com
38,ESTHER, ROMÁN, ALONSO,Cuauhtémoc,CALLE 20 DE NOVIEMBRE ,322,35253,Dirección General de Televisión Universitaria,e,10:53 AM,8:55 PM,/home/fotos/foto9294.jpg,64944309,5551466620,cforde11@wisc.edu
39,NICANOR, HERRERA, GUTIÉRREZ,Azcapotzalco,TULTEPEC ,53,69564,Dirección de Relaciones Laborales,t,12:02 PM,8:17 PM,/home/fotos/foto6211.jpg,85567291,5508113308,mdensie12@washington.edu
40,LEOPOLDO, GALLARDO, MUÑOZ,Iztapalapa,CARRETERA COSTERA ,322,44012,DGDU: Estadio Olímpico Universitario,t,7:45 AM,7:18 PM,/home/fotos/foto7680.jpg,89181379,5533077436,aconnerly13@skyrock.com
41,RAIMUNDO, CALVO, VICENTE,Azcapotzalco,PLAZUELA 1 DE SAN PEDRO ,168,61549,Unidad Multidisciplinaria Dr. Jesús Aguirre Cárdenas,t,8:57 AM,7:35 PM,/home/fotos/foto0803.jpg,67845342,5547994587,tferrettini14@altervista.org
42,CRISTINA, NÚÑEZ, GUERRERO,Cuajimalpa de Morelos,AUGUSTO RODIN ,151,76806,Dirección General de Personal,t,7:49 AM,8:54 PM,/home/fotos/foto2598.jpg,56622099,5598846453,qcroshaw15@army.mil
43,RAMÓN, RODRÍGUEZ, NÚÑEZ,Benito Juárez,PRADOS DE CEDRO ,353,95402,Torre de Rectoría: Centro de Exposiciones y Congresos,e,7:37 AM,7:21 PM,/home/fotos/foto5983.jpg,53379879,5590338543,mscrauniage16@hexun.com
44,DEMÓCRITO, HERRERO, CANO,Iztacalco,C. JOSE FRANCISCO RUIZ MASSIEU ,431,28189,Instituto de Astronomía,e,9:27 AM,8:45 PM,/home/fotos/foto8599.jpg,35877169,5558602286,pheinel17@intel.com
45,GERARDO, CABALLERO, CAMPOS,Coyoacán,PRIVADA AZOYAPAN ,390,29621,Dirección General de Incorporación y Revalidación de Estudios,a,11:09 AM,8:11 PM,/home/fotos/foto3477.jpg,67801802,5595358103,zgeratasch18@geocities.jp
46,OCTAVIO, RAMÍREZ, ALONSO,Milpa Alta,LERDO ,287,94961,Instituto de Química,e,9:22 AM,8:05 PM,/home/fotos/foto4125.jpg,47880599,5551822064,hjerrems19@about.com
47,PATRICIO, CANO, RAMÍREZ,Iztapalapa,PRIVADA FARALLON ,397,56073,Centro de Ciencias de la Complejidad C3,t,10:57 AM,8:46 PM,/home/fotos/foto4169.jpg,24620614,5557197102,jdartnall1a@disqus.com
48,ELÍAS, TORRES, BENÍTEZ,Xochimilco,FRANCISCO DEL PASO Y TRONCOSO ,45,06455,Coordinación de Universidad Abierta y Educación a Distancia,e,9:39 AM,7:44 PM,/home/fotos/foto0506.jpg,61867120,5517334955,movett1b@uol.com.br
49,DARIO, GARCÍA, CRESPO,Milpa Alta,AV SANTA MARIA ,85,51012,DGSG: Taller Mecánico,e,12:16 PM,7:06 PM,/home/fotos/foto4771.jpg,03801361,5559084575,tmoors1c@goodreads.com
50,CONCEPCIÓN, RODRÍGUEZ, DÍAZ,Iztacalco,FRANCISCO DEL PASO Y TRONCOSO ,31,26435,Centro Universitario de Teatro,a,7:55 AM,8:26 PM,/home/fotos/foto9891.jpg,67834368,5539225338,cfenkel1d@nymag.com
51,CIRINO, MORA, HERRERO,Iztapalapa,ISABEL LA CATOLICA ,470,32026,DGDU: Comisión Técnica de Fútbol Americano,t,8:01 AM,7:30 PM,/home/fotos/foto7990.jpg,77685846,5575266026,wmcgriele1e@wikimedia.org
52,AUGUSTO, GIMÉNEZ, MONTERO,Cuauhtémoc,AVENIDA PAPANTLA ,270,72136,Facultad de Medicina Veterinaria y Zootecnia,a,7:17 AM,8:25 PM,/home/fotos/foto7588.jpg,03567258,5536769240,ciapico1f@about.com
53,ESTHER, ORTIZ, SÁNCHEZ,Cuajimalpa de Morelos,PERU ,193,73193,Torre de Rectoría: Centro de Exposiciones y Congresos,t,8:17 AM,8:37 PM,/home/fotos/foto5404.jpg,89646671,5576972399,dbohlin1g@ox.ac.uk
54,LÁZARO, SÁEZ, SÁNCHEZ,Milpa Alta,LAGO BOLSENA ,61,35052,Centro de Enseñanza de Lenguas Extranjeras,t,8:34 AM,7:50 PM,/home/fotos/foto4213.jpg,77516108,5512135683,mconnerly1h@who.int
55,AMADEO, RUBIO, SOTO,Venustiano Carranza,AV LAS TORRES ,422,69024,Centro de Ciencias de la Atmósfera,t,12:20 PM,7:45 PM,/home/fotos/foto4745.jpg,93456251,5547006148,spondjones1i@paypal.com
56,FELICIANO, HERNÁNDEZ, HIDALGO,Gustavo A. Madero,VICENTE GUERRERO ,269,92065,Facultad de Ingeniería,e,11:23 AM,8:29 PM,/home/fotos/foto7586.jpg,59493113,5528879567,ggoodliff1j@taobao.com
57,COLUMBANO, HERRERA, MÁRQUEZ,Cuajimalpa de Morelos,CALLE FRANCISCO I. MADERO ,451,25341,Dirección General de Personal,a,9:29 AM,7:28 PM,/home/fotos/foto2175.jpg,12372366,5500216397,hkainz1k@flavors.me
58,ROQUE, CASTILLO, RAMÍREZ,Milpa Alta,HALCON ,217,77185,Facultad de Derecho,e,7:39 AM,8:46 PM,/home/fotos/foto1816.jpg,93402909,5523864967,eiianon1l@example.com
59,MÓNICA, ARIAS, TORRES,Milpa Alta,JUAN ZAIZAR ,130,90763,Instituto de Química,t,1:09 PM,7:30 PM,/home/fotos/foto6228.jpg,99974505,5542744568,bkinnar1m@wiley.com
60,ALBINA, DÍEZ, VIDAL,Cuauhtémoc,GRECIA ,157,25912,Centro Cultural Universitario: Sala de Conciertos Nezahualcóyotl,a,8:45 AM,7:44 PM,/home/fotos/foto1646.jpg,87635544,5580481014,tchadney1n@domainmarket.com
61,PURIFICACIÓN, RODRÍGUEZ, PARRA,Cuajimalpa de Morelos,PROVIDENCIA ,444,90052,Dirección General de Cómputo y de Tecnologías de Información y Comunicación,t,10:56 AM,7:13 PM,/home/fotos/foto1666.jpg,36641518,5510513355,sopfer1o@google.co.uk
62,SANSÓN, CRESPO, LÓPEZ,Miguel Hidalgo,CALLE 6 ,315,40563,Facultad de Psicología,t,7:53 AM,8:16 PM,/home/fotos/foto6826.jpg,93657806,5564894074,glonsdale1p@bandcamp.com
63,ADELAIDA, DÍEZ, RUIZ,Miguel Hidalgo,CONTADORES ,362,42481,Institutos de Investigaciones Estéticas e Históricas,e,10:30 AM,7:08 PM,/home/fotos/foto0081.jpg,94465787,5517186831,mhansel1q@ox.ac.uk
64,CRISTÓBAL, ROMÁN, MUÑOZ,Gustavo A. Madero,MANUEL PELAEZ ,33,54991,Facultad de Química: Unidad Mario Molina,t,9:44 AM,8:35 PM,/home/fotos/foto4487.jpg,22073047,5526351006,lroget1r@google.com.hk
65,NORBERTO, MARTÍNEZ, FUENTES,Cuajimalpa de Morelos,AV. TLALMEMELOLPAN ,478,08028,Instituto de Geofísica,e,11:16 AM,7:33 PM,/home/fotos/foto1034.jpg,45912766,5552180679,dwerrilow1s@sphinn.com
66,ABDÓN, MARÍN, CALVO,Miguel Hidalgo,CDA.DE LA SOLEDAD ,499,30705,Instituto de Ecología,t,7:48 AM,7:35 PM,/home/fotos/foto7005.jpg,37900993,5559997688,agosnell1t@google.pl
67,LEONCIO, JIMÉNEZ, HERRERO,Cuajimalpa de Morelos,MONTE DE PIEDAD ,185,85487,DGOC: Servicios Urbanos y Reacondicionamiento,a,7:52 AM,8:24 PM,/home/fotos/foto8956.jpg,40991571,5544501202,esaunt1u@t-online.de
68,VALENTÍN, CASTILLO, PRIETO,Iztacalco,CALLE FLORES MAGON ,191,06816,Unidad Mixta de Posgrados,e,12:12 PM,7:51 PM,/home/fotos/foto7116.jpg,10626291,5594346034,wpegler1v@youku.com
69,XAVIER, LOZANO, PÉREZ,Tlalpan,SANTA ANA ,176,14980,DGDU: Dirección de Medicina del Deporte,t,7:57 AM,7:44 PM,/home/fotos/foto1964.jpg,86025219,5552988223,bdaine1w@symantec.com
70,BALTASAR, ALONSO, MÉNDEZ,Iztacalco,ESMERALDA ,266,90066,Museo Universitario de Ciencias y Arte (MUCA),e,12:46 PM,8:23 PM,/home/fotos/foto8832.jpg,44995233,5589596205,idenne1x@barnesandnoble.com
71,CARMELO, MOYA, CARRASCO,Xochimilco,AV MEXICO ,498,54339,Instituto de Investigaciones en Matemáticas Aplicadas y Sistemas,t,11:46 AM,7:03 PM,/home/fotos/foto4950.jpg,08278561,5564543118,hsmedmoor1y@cdbaby.com
72,AGUSTÍN, SANTIAGO, CALVO,Venustiano Carranza,LAS ROSAS ,40,43239,Programa Seminario de Estudios sobre la Globalidad,a,9:20 AM,7:39 PM,/home/fotos/foto4585.jpg,26820866,5544540191,gtedahl1z@homestead.com
73,CAYO, DURÁN, REY,Azcapotzalco,CALLE PASO SOMOSIERRA ,175,47147,Centro Cultural Universitario: Salas Miguel Covarrubias y Carlos Chávez,t,1:47 PM,7:28 PM,/home/fotos/foto7541.jpg,22529411,5533933034,tewles20@mashable.com
74,ANNA, MUÑOZ, MONTORO,Tlalpan,FRES,373,92830,DGDU: Campo de Beisbol,a,9:25 AM,7:12 PM,/home/fotos/foto2430.jpg,02124979,5570003234,mhellewell21@g.co
75,BERNARDO, GIL, ORTIZ,Gustavo A. Madero,LAGO MANAGUA ,354,06620,DGOC: Planta de Tratamiento de Aguas Negras: Cerro del Agua,a,9:40 AM,7:48 PM,/home/fotos/foto9427.jpg,48729564,5540081041,afreegard22@exblog.jp
76,PETRONILA, MORALES, HERNÁNDEZ,Gustavo A. Madero,AVENIDA CENTENARIO ,429,43222,Coordinación de la Investigación Científica,e,11:32 AM,8:49 PM,/home/fotos/foto4768.jpg,80687507,5543578188,ljonas23@baidu.com
77,MARC, MONTORO, DURÁN,Azcapotzalco,ARRECIFE ,251,72837,Facultad de Contaduría y Administración,a,8:10 AM,7:32 PM,/home/fotos/foto6947.jpg,68092271,5576145424,aullyatt24@nymag.com
78,JORGE, PASTOR, GUERRERO,Álvaro Obregón,ERICKO EL ROJO ,262,52341,Centro Nacional de Prevención de Desastres (CENAPRED),a,1:10 PM,7:05 PM,/home/fotos/foto7561.jpg,64511440,5517140980,lrottenbury25@comsenz.com
79,JOSEP, ROMERO, DÍAZ,Tláhuac,CENZONTLE ,54,48045,Centro Cultural Universitario,t,8:02 AM,8:39 PM,/home/fotos/foto7663.jpg,14007463,5500508287,jsillitoe26@hibu.com
80,BALDUINO, GÓMEZ, GIMÉNEZ,Magdalena Contreras,PERUA,403,29316,Centro de Ciencias Aplicadas y Desarrollo Tecnológico,e,1:30 PM,7:54 PM,/home/fotos/foto5719.jpg,98858683,5570060491,mminer27@spiegel.de
81,ENCARNACIÓN, HERRERO, CAMPOS,Azcapotzalco,ROSA DE SIRIA ,436,54870,Centro de Ciencias de la Atmósfera,e,11:16 AM,8:48 PM,/home/fotos/foto1229.jpg,11654143,5537598396,eweaver28@hao123.com
82,OTILIA, HERNÁNDEZ, RUBIO,Venustiano Carranza,TABASCO ,371,48486,Instituto de Biología: Jardín Botánico,t,12:38 PM,8:50 PM,/home/fotos/foto4363.jpg,95751907,5599707903,eglasspoole29@tumblr.com
83,TEÓFILA, LORENZO, MÉNDEZ,Xochimilco,CANAL DEL VADO ,154,07909,Facultad de Filosofía y Letras: Anexo,e,8:21 AM,7:29 PM,/home/fotos/foto5477.jpg,93282726,5589160005,sgirard2a@webmd.com
84,TOMAS, HERRERO, DELGADO,Cuajimalpa de Morelos,SABADEL ,163,39419,Dirección General de Servicios Generales y Archivo de la UNAM (DGSG),a,8:54 AM,8:42 PM,/home/fotos/foto0845.jpg,14184355,5562135074,cdrummond2b@sakura.ne.jp
85,LORENZO, ORTEGA, SERRANO,Magdalena Contreras,NUEVO LEON ,460,11934,Dirección General de Actividades Cinematográficas: Acervo Bibliográfico y Bóvedas de Nitratos,t,12:03 PM,7:30 PM,/home/fotos/foto1325.jpg,52971962,5508122467,amanthroppe2c@google.co.jp
86,LEOPOLDO, RUBIO, ORTIZ,Azcapotzalco,CARRETERA COSTERA ,34,78384,Espacio Escultórico,t,9:15 AM,8:06 PM,/home/fotos/foto7613.jpg,81688679,5561623875,cgerraty2d@delicious.com
87,GERTRUDIS, GARCÍA, SÁEZ,Azcapotzalco,CHICOASEN ,449,07370,DGSG: Taller Mecánico,a,7:53 AM,8:53 PM,/home/fotos/foto9675.jpg,45148465,5554725032,seggerton2e@howstuffworks.com
88,CARLOS, VELASCO, JIMÉNEZ,Cuajimalpa de Morelos,CALLE 60 ,41,17973,DGOC: Vivero Bajo,a,10:44 AM,8:14 PM,/home/fotos/foto9786.jpg,23284889,5533499988,jbrosini2f@ifeng.com
89,LINO, MORALES, VICENTE,Azcapotzalco,3A. CERRADA DE SOLIDARIDAD ,350,90152,Escuela Nacional de Trabajo Social,t,12:01 PM,7:17 PM,/home/fotos/foto8451.jpg,67430312,5596911745,jskerm2g@webs.com
90,ANTERO, MONTORO, SÁNCHEZ,Tláhuac,CORAS ,254,21798,Facultad de Economía: División de Estudios de Posgrado,t,9:06 AM,8:41 PM,/home/fotos/foto2479.jpg,43856239,5538885252,dwoolfenden2h@dailymotion.com
91,JULIÁN, MEDINA, RUBIO,Iztapalapa,SANTA ANA ,171,76775,Centro de Ciencias de la Complejidad C3,e,12:20 PM,8:25 PM,/home/fotos/foto8388.jpg,51583620,5514353154,nsimyson2i@slashdot.org
92,BONIFACIO, DELGADO, CASTILLO,Iztacalco,SAN EMETERIO ,68,90755,Centro de Ciencias de la Complejidad C3,t,7:55 AM,8:35 PM,/home/fotos/foto7258.jpg,44925158,5504216927,jcuddon2j@cnbc.com
93,HUGO, MEDINA, HIDALGO,Cuauhtémoc,ALAMOS ,183,25974,Instituto de Investigaciones Filosóficas,t,7:52 AM,8:45 PM,/home/fotos/foto7035.jpg,60390570,5519411087,dtumbridge2k@virginia.edu
94,VICTORINO, ROMÁN, FLORES,Iztacalco,BARRIO DE SAN JOSÉ ,230,43809,Bicicentro,t,1:09 PM,8:57 PM,/home/fotos/foto5316.jpg,82110095,5524062076,swickersham2l@wufoo.com
95,PABLO, FERRER, ROMÁN,Xochimilco,CALLE CUAUHTEMOC ,391,37363,DGDU: Polideportivo Complejo Deportivo C.P. Alfredo Harp Helú,e,12:36 PM,7:15 PM,/home/fotos/foto8253.jpg,81910998,5525274436,elaytham2m@dropbox.com
96,JOSUÉ, SANTANA, GONZÁLEZ,Azcapotzalco,AVENIDA PAPANTLA ,417,25685,Dirección de Relaciones Laborales,t,7:54 AM,8:07 PM,/home/fotos/foto3446.jpg,55924103,5544111445,nwrates2n@deliciousdays.com
97,EUSEBIO, SOLER, FERRER,Iztacalco,AHUACATL ,77,87332,Instituto de Geofísica,a,7:11 AM,7:50 PM,/home/fotos/foto1318.jpg,18650879,5546233346,aleonards2o@tripadvisor.com
98,RITA, JIMÉNEZ, RAMOS,Magdalena Contreras,TLACOTAL ,134,90500,Centro de Ciencias de la Complejidad C3,e,9:22 AM,7:36 PM,/home/fotos/foto4599.jpg,40156353,5532735443,floan2p@businessweek.com
99,BALDOMERO, NÚÑEZ, FUENTES,Milpa Alta,XICOTENCATL ,367,21540,DGDU: Comisión Técnica de Fútbol Americano,e,9:51 AM,8:48 PM,/home/fotos/foto4622.jpg,24075171,5564971691,hlempertz2q@over-blog.com
100,SIMÓN, ORTIZ, ROMERO,Azcapotzalco,CALLEJON ITURBE ,233,95928,Facultad de Arquitectura,e,1:27 PM,8:02 PM,/home/fotos/foto1052.jpg,53860722,5557301317,dmatthius2r@indiatimes.com
101,JOAQUÍM, CARRASCO, MARTÍN,Magdalena Contreras,CALLE FLORES MAGON ,235,36426,Dirección General de Personal,a,11:38 AM,7:29 PM,/home/fotos/foto6817.jpg,94487494,5501118335,kamey2s@facebook.com
102,YOLANDA, LORENZO, DÍAZ,Cuajimalpa de Morelos,ANDADOR 24 MANUELA SAENZ ,35,95200,Instituto de Investigaciones Sociales,t,1:24 PM,7:52 PM,/home/fotos/foto2522.jpg,28187761,5509179499,osharratt2t@soup.io
103,DACIO, NÚÑEZ, VEGA,Iztapalapa,IGNACIO L. VALLARTA ,331,01922,Facultad de Odontología: División de Estudios de Posgrado,t,10:52 AM,8:50 PM,/home/fotos/foto2186.jpg,84843449,5593061078,kniccols2u@marriott.com
104,VÍCTOR, DURÁN, RAMOS,Magdalena Contreras,CALLE PASO SOMOSIERRA ,331,90464,DGOC: Talleres de Conservación,t,10:26 AM,7:25 PM,/home/fotos/foto8762.jpg,02634871,5537506868,cboyford2v@dmoz.org
105,CÉSAR, DÍEZ, IGLESIAS,Cuajimalpa de Morelos,CARTILLA ,18,82701,Instituto de Biología: Invernadero Faustino Miranda,a,7:36 AM,8:38 PM,/home/fotos/foto4205.jpg,51503404,5515997481,bmirralls2w@netscape.com
106,MARTA, CASTRO, CANO,Benito Juárez,ROSA DE SIRIA ,280,35956,Instituto de Investigaciones Económicas,t,10:02 AM,8:27 PM,/home/fotos/foto3310.jpg,68051339,5523722691,jpassie2x@alibaba.com
107,GUILLERMO, VARGAS, JIMÉNEZ,Tláhuac,PERIFERICO ,364,48090,DGDU: Polideportivo Complejo Deportivo C.P. Alfredo Harp Helú,t,7:38 AM,8:50 PM,/home/fotos/foto5673.jpg,98310263,5597380674,ctunnick2y@deviantart.com
108,HERIBERTO, ÁLVAREZ, CAMPOS,Magdalena Contreras,XOLOTL ,219,00679,DGOC: Talleres de Conservación de la Zona Cultural,t,9:17 AM,7:07 PM,/home/fotos/foto4645.jpg,70960480,5533237829,dshakesbye2z@blogtalkradio.com
109,JULIO, MÁRQUEZ, TORRES,Tláhuac,NATIVITAS ,474,86806,DGDU: Comisión Técnica de Fútbol Americano,t,10:20 AM,7:42 PM,/home/fotos/foto9603.jpg,32072381,5583902047,ereyna30@ovh.net
110,RIGOBERTO, CALVO, PASTOR,Miguel Hidalgo,FRANCISCO DEL PASO Y TRONCOSO ,15,09859,Facultad de Medicina,a,1:10 PM,8:16 PM,/home/fotos/foto9014.jpg,59135670,5520657289,mcorten31@cdbaby.com
111,CEFERINO, ALONSO, DOMÍNGUEZ,Gustavo A. Madero,PEDRO HENRIQUEZ ,88,72547,Dirección General de Incorporación y Revalidación de Estudios,t,12:28 PM,8:40 PM,/home/fotos/foto9443.jpg,77274098,5519462602,kisenor32@usnews.com
112,OTILIA, BLESA, DOMÍNGUEZ,Milpa Alta,IXTLIXOCHITL ,290,96379,Centro Cultural Universitario: Teatro Juan Ruiz de Alarcón y Foro Sor Juana Inés de la Cruz,a,12:23 PM,8:18 PM,/home/fotos/foto8236.jpg,59183229,5524547490,gfawke33@etsy.com
113,EFRÉN, HERRERO, MORA,Miguel Hidalgo,EMILIANO CARRANZA ,166,94589,Centro Cultural Universitario: Salas Cinematográficas José Revueltas: Julio Bracho y Carlos Monsiváis,t,11:37 AM,8:27 PM,/home/fotos/foto0590.jpg,18116784,5585802949,bsennett34@xing.com
114,ARNALDO, GARCÍA, SANTOS,Miguel Hidalgo,CIRCUITO RIO BLANCO ,344,58201,Dirección de Relaciones Laborales,t,9:44 AM,8:40 PM,/home/fotos/foto5673.jpg,33664488,5500831778,dwyche35@wiley.com
115,ANANÍAS, ROMERO, LÓPEZ,Tláhuac,PRADOS DE CEDRO ,277,77618,Dirección General de Planeación,t,1:10 PM,7:50 PM,/home/fotos/foto9355.jpg,40061666,5513253347,drochell36@themeforest.net
116,DÁMASO, REYES, GÓMEZ,Cuauhtémoc,PROL AHUEJOTES ,3,78476,Dirección General de Cómputo y de Tecnologías de Información y Comunicación,t,8:00 AM,8:04 PM,/home/fotos/foto5734.jpg,13645325,5589406727,askains37@nih.gov
117,JOSUÉ, DÍAZ, SERRANO,Iztacalco,AV. QUERETARO ,72,14837,Instituto de Química,a,1:52 PM,8:26 PM,/home/fotos/foto1585.jpg,55066334,5538468389,gduigenan38@domainmarket.com
118,GEMA, ALONSO, DELGADO,Milpa Alta,JUAN ALDAMA ,459,75031,Facultad de Medicina: Unidad de Atención Médica de Alta Especialidad y Consejo Técnico,t,10:00 AM,8:06 PM,/home/fotos/foto6807.jpg,88929737,5549866683,dpie39@latimes.com
119,JAIME, DÍEZ, MONTERO,Magdalena Contreras,PLAN DE ATOTONILCO ,500,14918,Centro de Enseñanza Para Extranjeros,t,10:56 AM,8:50 PM,/home/fotos/foto3824.jpg,83913246,5528834372,lfernehough3a@ebay.co.uk
120,LIDIA, HIDALGO, FERNÁNDEZ,Milpa Alta,ARCO IRIS ,437,93156,Facultad de Filosofía y Letras: Observatorio Meteorológico del Colegio de Geografía,a,10:15 AM,7:14 PM,/home/fotos/foto9363.jpg,90834174,5513901186,kpridgeon3b@spiegel.de
121,LUZ, IGLESIAS, GÓMEZ,Benito Juárez,PUERTO MARQUEZ ,64,16055,Instituto de Investigaciones Antropológicas,t,1:06 PM,7:12 PM,/home/fotos/foto6383.jpg,86369937,5504704076,mlewin3c@nba.com
122,VICENTE, VEGA, REYES,Azcapotzalco,AV. MORELOS SUR ,321,08920,Facultad de Derecho,a,12:40 PM,8:47 PM,/home/fotos/foto8964.jpg,55963315,5535456888,cgodsafe3d@disqus.com
123,LIDUVINA, DOMÍNGUEZ, SERRANO,Magdalena Contreras,POLYUC ,431,24226,Instituto de Investigaciones Económicas,a,9:48 AM,7:09 PM,/home/fotos/foto9552.jpg,66583468,5586058137,sleblanc3e@economist.com
124,URBANO, VÁZQUEZ, LÓPEZ,Cuajimalpa de Morelos,JESUS GARCIA MORALES ,341,23043,Torre de Rectoría: Centro de Exposiciones y Congresos,a,11:42 AM,8:37 PM,/home/fotos/foto9251.jpg,40239426,5572084130,lmcalpin3f@yelp.com
125,MIQUEAS, FUENTES, CANO,Cuauhtémoc,REAL DE LA ARBOLEDA ,168,09543,Dirección General de Incorporación y Revalidación de Estudios,a,9:06 AM,8:20 PM,/home/fotos/foto7324.jpg,89477514,5577679745,bkennham3g@alexa.com
126,MILAGROS, CRESPO, SUÁREZ,Tláhuac,GRECIA ,339,13940,Centro Universitario de Teatro,e,8:28 AM,7:29 PM,/home/fotos/foto0975.jpg,69139742,5586962941,friply3h@etsy.com
127,ROSA, CAMBIL, AGUILAR,Milpa Alta,SABADEL ,194,23175,Unidad Multidisciplinaria Dr. Jesús Aguirre Cárdenas,t,12:07 PM,8:24 PM,/home/fotos/foto0606.jpg,15293091,5563687947,kferrant3i@fema.gov
128,GUADALUPE, RUIZ, LORENZO,Iztapalapa,RODOLFO FIERRO ,155,55433,Espacio Escultórico,e,10:37 AM,8:42 PM,/home/fotos/foto2075.jpg,55606367,5540745625,hhexam3j@businessinsider.com
129,FEDERICO, GALLEGO, LEÓN,Tláhuac,AV SANTA MARIA ,81,35076,Facultad de Ciencias,e,7:54 AM,8:17 PM,/home/fotos/foto1257.jpg,39475807,5511777983,mbarlie3k@netvibes.com
130,CARMELO, CAMBIL, SANTOS,Gustavo A. Madero,PLAYA HOR,258,18251,DGOC: Planta de Tratamiento de Aguas Negras: Cerro del Agua,t,7:16 AM,8:43 PM,/home/fotos/foto7543.jpg,44649220,5504726068,khoyt3l@slideshare.net
131,ARTEMIO, CRESPO, IGLESIAS,Magdalena Contreras,AUGUSTO RODIN ,174,01210,DGOC: Talleres de Conservación,t,1:35 PM,8:43 PM,/home/fotos/foto2238.jpg,55403316,5518683374,mkimpton3m@cocolog-nifty.com
132,ADELAIDA, PASCUAL, CRESPO,Iztapalapa,LABNA ,78,60319,Dirección General de Patrimonio Universitario: Oficinas Administrativas Exteriores,a,1:11 PM,7:04 PM,/home/fotos/foto4647.jpg,04100748,5510721975,sshrigley3n@yelp.com
133,LIDUVINA, DOMÍNGUEZ, SERRANO,Iztapalapa,LAGO PATZCUARO ,138,22164,Dirección General de Actividades Cinematográficas: Acervo Bibliográfico y Bóvedas de Nitratos,a,1:39 PM,8:13 PM,/home/fotos/foto4852.jpg,16199590,5582269755,jclutram3o@cam.ac.uk
134,CLOTILDE, BLESA, VIDAL,Benito Juárez,CIRUJA,329,11132,Instituto de Ecología,t,1:06 PM,7:37 PM,/home/fotos/foto1569.jpg,57822821,5549003527,dspeke3p@accuweather.com
135,NOÉ, HERRERA, TORRES,Cuajimalpa de Morelos,PROL DE GUADALUPE Y RAMIREZ ,382,42710,Facultad de Medicina: Centro de Investigación en Políticas: Población y Salud,a,10:41 AM,7:12 PM,/home/fotos/foto8565.jpg,38853179,5577306827,owynrahame3q@marketwatch.com
136,ESPERANZA, FERRER, LOZANO,Xochimilco,MONTE ALBAN ,94,93114,Coordinación de la Investigación en Humanidades: Biblioteca Nacional y Fondo Reservado,e,7:58 AM,8:36 PM,/home/fotos/foto8401.jpg,68298312,5591819873,thendrikse3r@devhub.com
137,EVARISTO, MUÑOZ, FERNÁNDEZ,Álvaro Obregón,XICOTENCATL ,146,14559,Dirección General de Bibliotecas: Biblioteca Central,t,1:43 PM,8:21 PM,/home/fotos/foto9101.jpg,83933970,5570813231,ejoselin3s@unblog.fr
138,NATALIA, RAMÍREZ, BLANCO,Venustiano Carranza,SANTA ANA ,164,23294,Dirección General de Evaluación Institucional,a,11:55 AM,7:14 PM,/home/fotos/foto1783.jpg,60517774,5504141564,bflanders3t@flickr.com
139,COLUMBANO, SOLER, CASTILLO,Xochimilco,CAOBAN ,287,18441,Facultad de Química: Conjunto E,e,12:00 PM,8:20 PM,/home/fotos/foto2792.jpg,93646583,5530047571,cgrayshon3u@seesaa.net
140,TADEO, GUERRERO, DÍAZ,Tlalpan,ALCANFORES ,22,02246,DGOC: Servicios Urbanos y Reacondicionamiento,a,11:37 AM,8:57 PM,/home/fotos/foto4328.jpg,71638395,5574589159,gtumbelty3v@pcworld.com
141,JOSEFA, HERNÁNDEZ, HERNÁNDEZ,Cuajimalpa de Morelos,25 DE FEBRERO DE 1861 ,432,00277,Instituto de Ciencias del Mar y Limnología,t,8:42 AM,7:31 PM,/home/fotos/foto3294.jpg,59160621,5569072373,asends3w@hexun.com
142,ADOLFO, SUÁREZ, DOMÍNGUEZ,Magdalena Contreras,JACARANDAS ,282,84197,Museo Universitario de Ciencias y Arte (MUCA),t,1:06 PM,7:21 PM,/home/fotos/foto1244.jpg,73060671,5518879805,casals3x@nifty.com
143,ROSA, MUÑOZ, SUÁREZ,Miguel Hidalgo,TENORIOS ,315,45841,Dirección General de Televisión Universitaria,t,9:38 AM,8:37 PM,/home/fotos/foto3649.jpg,25510429,5515588989,agoslin3y@cloudflare.com
144,COSME, LOZANO, BRAVO,Magdalena Contreras,MIGUEL ALEMAN ,31,64589,Unidad Multidisciplinaria Dr. Jesús Aguirre Cárdenas,e,10:32 AM,8:28 PM,/home/fotos/foto6212.jpg,92235244,5589999717,cprime3z@amazon.de
145,VICENTA, CRUZ, VARGAS,Cuajimalpa de Morelos,AV. JOSE DEL PILAR ,454,74873,Dirección General de Patrimonio Universitario: Gasolinería,t,9:42 AM,8:01 PM,/home/fotos/foto0261.jpg,12955298,5525307278,detherton40@census.gov
146,VERÓNICA, CAMPOS, JIMÉNEZ,Coyoacán,CALZADA DE LAS BOMBAS ,107,20609,DGDU: Centro de Educación Continua de Estudios Superiores del Deporte,t,12:05 PM,7:48 PM,/home/fotos/foto4141.jpg,53112481,5589510657,rdelacote41@kickstarter.com
147,BENITO, BLESA, PRIETO,Álvaro Obregón,AV. ZACAMULPA ,175,36970,Instituto de Geofísica: Servicio Sismológico Nacional,t,12:59 PM,8:31 PM,/home/fotos/foto6621.jpg,52983104,5531052485,lwebsdale42@dedecms.com
148,DIMAS, MORALES, GALLEGO,Milpa Alta,QUETZALCOATL ,44,36760,Facultad de Economía,e,11:15 AM,7:14 PM,/home/fotos/foto0048.jpg,54684405,5529330803,mvaggs43@domainmarket.com
149,GUILLERMO, SOLER, MARTÍNEZ,Benito Juárez,MANUEL DOBLADO ,443,24339,Instituto de Investigaciones Biomédicas,t,12:41 PM,7:45 PM,/home/fotos/foto6883.jpg,52803339,5553810729,cwoodward44@ebay.co.uk
150,ORIOL, PASCUAL, NÚÑEZ,Benito Juárez,TENTEL ,486,91792,Facultad de Filosofía y Letras,e,10:18 AM,8:52 PM,/home/fotos/foto8963.jpg,86683565,5587581918,ntrelease45@nature.com
151,DARIO, RAMOS, SANTOS,Xochimilco,BARRIO DE SAN JOSÉ ,353,09738,DGOC: Planta de Tratamiento de Aguas Negras: Cerro del Agua,t,1:03 PM,7:59 PM,/home/fotos/foto5488.jpg,57997160,5508349725,cphillcock46@aboutads.info
152,ANASTASIA, GONZÁLEZ, NIETO,Milpa Alta,AILE ,245,81596,Facultad de Química: Conjunto E,t,11:14 AM,7:45 PM,/home/fotos/foto9149.jpg,58759480,5563740513,kwhitley47@xrea.com
153,ERNESTO, SÁNCHEZ, CABRERA,Iztapalapa,JITOTOL ,65,76602,Museo Universitario de Ciencias y Arte (MUCA),e,12:57 PM,8:58 PM,/home/fotos/foto1747.jpg,84613370,5530900588,hroselli48@wix.com
154,LEONOR, REYES, CALVO,Tláhuac,SUR 67 ,488,60243,Instituto de Geofísica,a,10:40 AM,7:49 PM,/home/fotos/foto0261.jpg,18646610,5592374904,lstarie49@t-online.de
155,UBALDO, RUIZ, MOYA,Xochimilco,JOSE MARIA MORELOS ,460,63081,DGDU: Centro de Educación Continua de Estudios Superiores del Deporte,a,11:06 AM,8:12 PM,/home/fotos/foto5208.jpg,68045815,5588199652,rdemorena4a@dailymotion.com
156,CONRADO, MARTÍNEZ, MOYA,Tlalpan,HERNAN DE SOTO ,219,49486,Facultad de Odontología,t,11:32 AM,8:51 PM,/home/fotos/foto9350.jpg,13637845,5512393627,bstubbings4b@smh.com.au
157,ÁUREA, SANTIAGO, ÁLVAREZ,Álvaro Obregón,VERIN ,238,12752,Facultad de Arquitectura: Laboratorio de Acústica,e,10:06 AM,8:52 PM,/home/fotos/foto4671.jpg,37463084,5535918911,afeirn4c@harvard.edu
158,PURIFICACIÓN, MUÑOZ, MOLINA,Milpa Alta,IGNACIO ZARAGOZA ,117,57612,Dirección General de Patrimonio Universitario: Gasolinería,t,7:20 AM,8:36 PM,/home/fotos/foto6025.jpg,92749218,5509281726,csunnex4d@mysql.com
159,VICENTE, CAMPOS, VICENTE,Azcapotzalco,BOSQUES DE BOHEMIA ,470,67100,Centro de Desarrollo Infantil - CENDI,t,12:05 PM,8:03 PM,/home/fotos/foto2813.jpg,63419825,5596789484,ebogies4e@prweb.com
160,SIXTO, CANO, DOMÍNGUEZ,Cuauhtémoc,CIPRES ,280,01435,Dirección General de Actividades Cinematográficas: Acervo Bibliográfico y Bóvedas de Nitratos,t,7:28 AM,7:26 PM,/home/fotos/foto8950.jpg,43043360,5539385666,rsheldrick4f@theatlantic.com
161,JORGE, SOLER, SANZ,Iztapalapa,CALLE PARROQUIA ,282,92490,Instituto de Ecología: Laboratorio Nacional de las Ciencias de la Sostenibilidad (LANCIS),e,12:15 PM,8:53 PM,/home/fotos/foto3595.jpg,18875607,5550024974,kadnams4g@cargocollective.com
162,REINALDO, MARÍN, MUÑOZ,Azcapotzalco,AV VICENTE RIVA PALACIO ,431,11399,Dirección General de Patrimonio Universitario: Gasolinería,e,1:11 PM,8:14 PM,/home/fotos/foto5918.jpg,99597087,5514679360,cnesey4h@forbes.com
163,CELIA, SOTO, GALLEGO,Cuauhtémoc,TEPETONGO ,67,55379,DGOC: Planta de Tratamiento de Aguas Negras: Fac. Ciencias Políticas y Sociales,t,10:22 AM,8:35 PM,/home/fotos/foto2185.jpg,35256440,5567980326,btague4i@friendfeed.com
164,EPIFANÍA, RAMOS, PARRA,Miguel Hidalgo,LA VENTA CLAUSTRO TULIPANES ,286,32658,Dirección General de Planeación,a,7:43 AM,7:05 PM,/home/fotos/foto7571.jpg,40111025,5561903414,dpiris4j@cnbc.com
165,ANATOLIO, GALLARDO, SERRANO,Xochimilco,AV. DE LAS ROSAS ,220,30790,Torre II de Humanidades,t,10:28 AM,7:40 PM,/home/fotos/foto5213.jpg,87259912,5567043820,kwulfinger4k@shareasale.com
166,DAMIÁN, MORA, CORTÉS,Tláhuac,BILBAO ,197,23097,DGDU: Dirección de Medicina del Deporte,e,10:15 AM,7:22 PM,/home/fotos/foto1790.jpg,44207477,5596129257,middins4l@meetup.com
167,GUILLERMO, GIMÉNEZ, DOMÍNGUEZ,Iztapalapa,JACARANDAS ,233,18905,Facultad de Contaduría y Administración,a,11:26 AM,8:23 PM,/home/fotos/foto3056.jpg,16498375,5538844114,dbernocchi4m@yandex.ru
168,COSME, GÓMEZ, CAMBIL,Xochimilco,CALLE FRANCISCO I. MADERO ,79,57119,Dirección de Relaciones Laborales,t,7:26 AM,7:52 PM,/home/fotos/foto7278.jpg,95741387,5598827410,areddell4n@bing.com
169,PEDRO, ARIAS, SOLER,Azcapotzalco,QUETZALCOATL ,337,83140,Facultad de Química: Posgrado de Química,t,8:53 AM,7:48 PM,/home/fotos/foto5056.jpg,03161304,5557318246,kbassick4o@skyrock.com
170,SALVIO, FERRER, LOZANO,Gustavo A. Madero,AVENIDA PAPANTLA ,156,78203,DGDU: Estadio Olímpico Universitario,e,8:42 AM,8:23 PM,/home/fotos/foto5102.jpg,33137117,5531387914,scollerd4p@howstuffworks.com
171,JAUME, MORALES, HERRERA,Cuajimalpa de Morelos,AV. CRISTOBAL HIDALGO ,226,51980,Instituto de Ciencias del Mar y Limnología,t,8:26 AM,8:15 PM,/home/fotos/foto5286.jpg,74821538,5582625082,aivankov4q@shinystat.com
172,JACINTO, LÓPEZ, SOTO,Coyoacán,EUFEMIO ARREDONDO ,356,24272,Facultad de Contaduría y Administración: División de Estudios de Posgrado,e,12:23 PM,8:44 PM,/home/fotos/foto8815.jpg,35660972,5596404702,jgovinlock4r@jugem.jp
173,SANSÓN, CALVO, GIL,Coyoacán,20 DE NOVIEMBRE ,1,75949,Facultad de Odontología,e,1:46 PM,7:33 PM,/home/fotos/foto9365.jpg,75904235,5502254409,ichinnock4s@symantec.com
174,FABIO, SUÁREZ, CASTILLO,Tláhuac,SUR 113 A ,140,47372,Dirección General del Colegio de Ciencias y Humanidades,t,8:18 AM,8:45 PM,/home/fotos/foto0087.jpg,67710267,5535516141,rrignall4t@goo.gl
175,JOSEP, ORTIZ, LOZANO,Miguel Hidalgo,25 DE FEBRERO DE 1861 ,362,46910,Coordinación de Universidad Abierta y Educación a Distancia,e,12:16 PM,8:50 PM,/home/fotos/foto5432.jpg,69865381,5522766328,dhumphris4u@webnode.com
176,ARIADNA, ROMÁN, DELGADO,Cuauhtémoc,FERNANDO MONTES DE OCA ,485,90742,Dirección General de Publicaciones y Fomento Editorial,t,11:45 AM,8:31 PM,/home/fotos/foto1736.jpg,49476919,5517651144,jbortoluzzi4v@chicagotribune.com
177,COLOMBO, VELASCO, GONZÁLEZ,Milpa Alta,AV. COPILCO ,379,15684,Instituto de Ecología,e,8:14 AM,7:28 PM,/home/fotos/foto9247.jpg,46992111,5528490702,jcossum4w@theglobeandmail.com
178,BONIFACIO, RAMOS, HERNÁNDEZ,Venustiano Carranza,PRIVADA LIMONES ,289,92469,Centro Cultural Universitario: Museo Universitario de Arte Contemporáneo (MUAC),e,7:59 AM,8:03 PM,/home/fotos/foto6151.jpg,59118398,5538732646,nmattevi4x@booking.com
179,ARTURO, SANTIAGO, CRUZ,Álvaro Obregón,RETORNO 9 DE TRONCOSO ,228,90193,Centro Cultural Universitario: Museo Universitario de Arte Contemporáneo (MUAC),a,1:09 PM,7:04 PM,/home/fotos/foto6576.jpg,66322382,5562515001,mjankovsky4y@linkedin.com
180,ALICIA, ORTIZ, JIMÉNEZ,Gustavo A. Madero,AMORES ,390,70987,Torre de Rectoría: Centro de Exposiciones y Congresos,t,7:02 AM,7:58 PM,/home/fotos/foto2356.jpg,54248292,5595252967,tchaloner4z@aol.com
181,JORGE, SERRANO, BRAVO,Álvaro Obregón,FRANCISCO JAVIER MINA ,224,86230,Instituto de Fisiología Celular: Neurociencias,t,8:29 AM,7:26 PM,/home/fotos/foto4898.jpg,08950404,5577937351,psimcoe50@cpanel.net
182,VALERIANO, PÉREZ, ALONSO,Tláhuac,CALLE10 DE ABRIL ,328,68630,Coordinación de la Investigación Científica: Unidad de Programas Universitarios,t,9:46 AM,8:55 PM,/home/fotos/foto5616.jpg,66565855,5503766470,otolan51@ucoz.ru
183,SOLEDAD, SÁNCHEZ, PASCUAL,Magdalena Contreras,BUENA VISTA ,266,62487,Dirección General de Cómputo y de Tecnologías de Información y Comunicación,e,9:33 AM,8:27 PM,/home/fotos/foto7001.jpg,09204712,5562651534,ldahl52@tuttocitta.it
184,CRISTINA, REYES, ALONSO,Gustavo A. Madero,PLZAS. VILLA DE MADRID ,114,03563,DGSG: Estación de Bomberos,t,11:40 AM,7:56 PM,/home/fotos/foto1524.jpg,15368385,5569839036,htomasian53@springer.com
185,MAR, GARCÍA, ESTEBAN,Iztapalapa,AV LAS TORRES ,161,79870,Dirección General de Personal,t,8:09 AM,8:40 PM,/home/fotos/foto1459.jpg,18569460,5528701517,swinspire54@ocn.ne.jp
186,GABRIEL, GIL, LORENZO,Tlalpan,PLAZUELA 1 DE SAN PEDRO ,492,45979,Instituto de Astronomía,t,1:44 PM,8:07 PM,/home/fotos/foto2951.jpg,48597747,5556947057,rquiddihy55@pagesperso-orange.fr
187,REMEDIOS, GUTIÉRREZ, SANTIAGO,Iztapalapa,AV. SAN PABLO XALPA ,323,63893,Facultad de Química: Unidad Mario Molina,t,10:02 AM,7:21 PM,/home/fotos/foto2211.jpg,03651420,5597940933,ospeke56@simplemachines.org
188,OTILIA, CABALLERO, ESTEBAN,Coyoacán,RETORNO ELIAS F. HURTADO ,296,78384,Centro de Ciencias de la Complejidad C3,t,10:51 AM,8:24 PM,/home/fotos/foto5363.jpg,48520793,5543248197,nlilly57@kickstarter.com
189,REINALDO, CARMONA, JIMÉNEZ,Azcapotzalco,HUERTAS ,116,55557,Centro de Enseñanza Para Extranjeros,e,10:39 AM,8:34 PM,/home/fotos/foto9143.jpg,00180750,5537165852,maspinal58@wikispaces.com
190,ESTEBAN, HERNÁNDEZ, PASCUAL,Magdalena Contreras,ADOLFO PRIETO ,442,12715,Libreria Educal Universum,a,9:03 AM,8:33 PM,/home/fotos/foto9785.jpg,04426260,5571914197,dwiddocks59@paginegialle.it
191,FELICIANO, HERNÁNDEZ, LORENZO,Benito Juárez,IXTLE ,383,19827,Dirección General de Obras y Conservación (DGOC),a,7:00 AM,8:33 PM,/home/fotos/foto0124.jpg,77104677,5594135031,lmccarle5a@parallels.com
192,JOSAFAT, ROMÁN, DÍAZ,Magdalena Contreras,SANTA MARIA ,224,14831,Centro Cultural Universitario: Salas Cinematográficas José Revueltas: Julio Bracho y Carlos Monsiváis,t,12:50 PM,7:28 PM,/home/fotos/foto4009.jpg,20064370,5525941466,jfarebrother5b@tamu.edu
193,GEMA, MOYA, SANTOS,Milpa Alta,PUERTO ACAPULCO ,57,44816,Instituto de Biología: Invernadero Faustino Miranda,t,12:09 PM,7:11 PM,/home/fotos/foto7205.jpg,28915737,5551003188,fspincke5c@nhs.uk
194,EDUVIGIS, DÍEZ, DELGADO,Cuajimalpa de Morelos,FRANCISCO SARABIA ,72,14450,Centro Universitario de Teatro,a,9:33 AM,8:14 PM,/home/fotos/foto2710.jpg,70980951,5512546016,cfalkus5d@rediff.com
195,JOSAFAT, HERRERO, CASTRO,Iztapalapa,IGNACIO ZARAGOZA ,222,11745,DGOC: Planta de Tratamiento de Aguas Negras: Fac. Ciencias Políticas y Sociales,a,1:45 PM,8:18 PM,/home/fotos/foto7297.jpg,91727282,5587686629,charme5e@paginegialle.it
196,CRISTÓBAL, GALLEGO, MONTERO,Venustiano Carranza,NUEVO LEON ,275,41866,Instituto de Química,e,9:09 AM,8:43 PM,/home/fotos/foto2079.jpg,85494534,5581202052,etaysbil5f@gizmodo.com
197,EMILIO, SERRANO, VÁZQUEZ,Coyoacán,QUETZALCOATL ,54,31022,Facultad de Química,a,7:54 AM,7:11 PM,/home/fotos/foto6994.jpg,46341696,5506116980,iwherrit5g@globo.com
198,LUIS, MARÍN, ÁLVAREZ,Milpa Alta,CERRO DOS CONEJOS ,81,96113,DGOC: Talleres de Conservación de la Zona Cultural,a,9:08 AM,8:31 PM,/home/fotos/foto2418.jpg,93313892,5568311869,hflann5h@answers.com
199,BALDOMERO, ROMERO, GARRIDO,Tláhuac,RAFAEL CRAVIOTO ,97,32709,DGDU: Estadio de Prácticas Roberto Tapatío Méndez,e,12:10 PM,7:54 PM,/home/fotos/foto3647.jpg,23463965,5535442353,siorizzo5i@fastcompany.com
200,MOISÉS, GUERRERO, VIDAL,Cuajimalpa de Morelos,TONATIUH ,348,20130,Centro Cultural Universitario: Dirección de Teatro y Danza,t,9:08 AM,7:39 PM,/home/fotos/foto2425.jpg,30344149,5586342360,arawle5j@arstechnica.com
201,ARIADNA, CRESPO, CABRERA,Tláhuac,FRESA ,376,14099,Coordinación de la Investigación en Humanidades,a,10:55 AM,7:57 PM,/home/fotos/foto3240.jpg,73651777,5518125764,wissacov5k@flavors.me
202,DAVID, HERRERA, RAMÍREZ,Álvaro Obregón,CONTADORES ,76,06963,DGSG: Estación de Bomberos,t,9:41 AM,7:26 PM,/home/fotos/foto4599.jpg,23786013,5538647768,bghilardini5l@imgur.com
203,ALFONSO, MARÍN, MÉNDEZ,Iztapalapa,ALCANFORES ,187,56561,DGOC: Almacén de Construcción,t,12:21 PM,7:49 PM,/home/fotos/foto7789.jpg,19800681,5521265802,kcollison5m@lulu.com
204,VÍCTOR, GARCÍA, MONTORO,Milpa Alta,JOSE SAAVEDRA DEL RAZO ,238,12817,Museo de las Ciencias: Universum,t,12:17 PM,8:41 PM,/home/fotos/foto0377.jpg,20146289,5591397492,dcamois5n@ted.com
205,LUCÍA, NAVARRO, ESTEBAN,Iztapalapa,PRIVADA EXHACIENDA DE LA ESCALERA ,428,04578,Instituto de Fisiología Celular,t,8:07 AM,7:52 PM,/home/fotos/foto5376.jpg,24697142,5505568477,mbrunt5o@fda.gov
206,CIPRIANO, CAMPOS, ROMERO,Iztacalco,ANDADOR DE LA ESMERALDA ,432,22440,Facultad de Derecho: Anexo y Posgrado,t,7:01 AM,8:31 PM,/home/fotos/foto6352.jpg,38484753,5508208350,bsomerled5p@google.ru
207,LAURA, DELGADO, DÍEZ,Álvaro Obregón,PENNSYLVANIA ,357,56054,Museo Universitario de Ciencias y Arte (MUCA),e,1:36 PM,7:00 PM,/home/fotos/foto4152.jpg,36013381,5573623120,mbrashier5q@bluehost.com
208,BÁRBARA, GUTIÉRREZ, MONTORO,Álvaro Obregón,CARRETERA COSTERA ,248,74866,Facultad de Derecho: División de Educación a Distancia,t,11:14 AM,7:13 PM,/home/fotos/foto7223.jpg,62205806,5588299017,bdowse5r@hatena.ne.jp
209,EDGAR, MORALES, DOMÍNGUEZ,Azcapotzalco,CALVARIO ,148,20867,Instituto de Matemáticas,t,8:13 AM,8:47 PM,/home/fotos/foto3664.jpg,21817170,5538861309,claminman5s@sphinn.com
210,BEGOÑA, MOYA, MOLINA,Xochimilco,1A CDA DE OLIVOS ,131,65679,Torre de Rectoría,a,11:42 AM,8:57 PM,/home/fotos/foto0960.jpg,25698257,5573413711,vohingerty5t@deliciousdays.com
211,MOISÉS, MORENO, BLANCO,Benito Juárez,LAGO BOLSENA ,398,94854,Museo de las Ciencias: Universum,e,10:05 AM,7:28 PM,/home/fotos/foto5991.jpg,72801411,5542331809,malliott5u@cam.ac.uk
212,LORENA, GÓMEZ, LORENZO,Gustavo A. Madero,HIDALGO ,441,80357,Facultad de Ingeniería: Anexo,a,10:02 AM,8:09 PM,/home/fotos/foto2538.jpg,42140347,5501059985,cceney5v@sohu.com
213,PONCIO, SOTO, MEDINA,Magdalena Contreras,CERRADA CABRERA ,233,52947,Instituto de Ecología,t,7:35 AM,8:19 PM,/home/fotos/foto9854.jpg,95698796,5588953128,asivills5w@yelp.com
214,COSME, MEDINA, CASTILLO,Milpa Alta,SEBASTIAN L TEJADA ,490,33418,Facultad de Medicina: Unidad de Atención Médica de Alta Especialidad y Consejo Técnico,t,10:34 AM,7:46 PM,/home/fotos/foto8727.jpg,38993224,5560891853,hdebold5x@flavors.me
215,NEMESIO, ESTEBAN, MORENO,Azcapotzalco,QUETZALCOATL ,41,74326,Centro Cultural Universitario: Dirección de Teatro y Danza,a,12:43 PM,8:25 PM,/home/fotos/foto8059.jpg,92184762,5578617980,himloch5y@vkontakte.ru
216,SIMEÓN, HIDALGO, SANTOS,Miguel Hidalgo,RODOLFO FIERRO ,3,42853,Bicicentro,t,12:20 PM,8:53 PM,/home/fotos/foto7777.jpg,50661427,5523855572,krevel5z@ed.gov
217,RAFAEL, AGUILAR, GUTIÉRREZ,Coyoacán,ORQUIDEA ,181,91223,Dirección General de Bibliotecas: Anexo Biblioteca Central,t,11:49 AM,7:06 PM,/home/fotos/foto4519.jpg,86671779,5581279489,csuller60@w3.org
218,AURELIA, LORENZO, GUERRERO,Coyoacán,HERIBERTO FRIAS ,484,92046,Dirección General de Orientación y Atención Educativa,t,1:21 PM,8:26 PM,/home/fotos/foto1677.jpg,18184386,5518896767,lcamlin61@alexa.com
219,PATRICIO, GÓMEZ, LOZANO,Tláhuac,TULTEPEC ,126,55349,Facultad de Derecho: División de Educación a Distancia,t,7:24 AM,8:50 PM,/home/fotos/foto6305.jpg,56647731,5576495025,bhallums62@mapquest.com
220,IGNACIO, NÚÑEZ, PASTOR,Miguel Hidalgo,MAR JONICO ,492,77856,Dirección General de Orientación y Atención Educativa,t,8:46 AM,7:07 PM,/home/fotos/foto3318.jpg,36545673,5535961845,cganderton63@hud.gov
221,AMARO, SERRANO, MONTERO,Azcapotzalco,MONROVIA ,262,56649,Facultad de Medicina: Centro de Psiquiatría y Salud Mental,a,9:44 AM,7:37 PM,/home/fotos/foto8695.jpg,36765146,5518388419,cgotcliff64@huffingtonpost.com
222,VALENTÍN, PASTOR, LEÓN,Magdalena Contreras,CANAL DEL VADO ,418,83373,Facultad de Ingeniería: Anexo,a,11:46 AM,7:15 PM,/home/fotos/foto7875.jpg,99454242,5531557711,tciottoi65@cnbc.com
223,LEANDRO, GONZÁLEZ, MARTÍN,Cuauhtémoc,PABLO ALVARADO ,46,18294,Facultad de Derecho: División de Educación a Distancia,t,11:23 AM,7:59 PM,/home/fotos/foto4957.jpg,87540543,5543582767,hbrownsmith66@godaddy.com
224,MARCOS, CRESPO, BENÍTEZ,Xochimilco,ARCO IRIS ,224,45436,Dirección General de Obras y Conservación (DGOC),t,12:29 PM,8:43 PM,/home/fotos/foto9305.jpg,62312500,5575056774,bfrude67@miitbeian.gov.cn
225,CARMELO, RUBIO, BLESA,Iztapalapa,PIE DE LA CUESTA ,137,34115,Instituto de Investigaciones Biomédicas,a,12:56 PM,8:19 PM,/home/fotos/foto4487.jpg,51179763,5530258300,srangall68@admin.ch
226,RICARDO, VÁZQUEZ, CRESPO,Iztacalco,MARINO MOSCO ,295,14596,Facultad de Medicina,t,10:08 AM,8:51 PM,/home/fotos/foto8253.jpg,83840527,5511721321,fcomi69@google.co.uk
227,ABELARDO, TORRES, MÉNDEZ,Iztapalapa,CDA. MANZANO ,87,61389,Coordinación de la Investigación Científica: Unidad de Programas Universitarios,t,9:09 AM,8:01 PM,/home/fotos/foto8316.jpg,30682801,5558501737,pbaumann6a@abc.net.au
228,LUCRECIA, MORALES, CRUZ,Coyoacán,AV VICENTE RIVA PALACIO ,309,79948,Facultad de Ingeniería: División de Estudios de Posgrado,t,11:45 AM,8:56 PM,/home/fotos/foto7333.jpg,93260923,5583181795,jhardypiggin6b@dyndns.org
229,CARLOS, RAMOS, SÁEZ,Milpa Alta,SN.MARCOS Y LAS AMERICAS ,457,13699,Instituto de Investigaciones en Materiales,a,7:58 AM,7:31 PM,/home/fotos/foto9956.jpg,04649601,5524139300,jdauncey6c@imdb.com
230,SEBASTIÁN, GALLEGO, PEÑA,Cuauhtémoc,ROMULO O FARRIL ,237,52104,Casa Club del Académico,t,8:37 AM,8:05 PM,/home/fotos/foto0555.jpg,04589449,5548572565,hdeegan6d@godaddy.com
231,ALEJANDRA, CARMONA, IGLESIAS,Coyoacán,LEONARDO DA VINCI ,19,18422,Colegio de Ciencias y Humanidades. Plantel Sur,t,10:59 AM,8:46 PM,/home/fotos/foto4362.jpg,23514506,5564381696,clarsen6e@cmu.edu
232,CASIMIRO, SOLER, MÉNDEZ,Gustavo A. Madero,TORRES QUINTERO ,323,74430,Instituto de Biología: Invernadero Manuel Ruiz Oronoz,a,8:49 AM,7:07 PM,/home/fotos/foto5180.jpg,23340594,5515020947,lfardell6f@wikia.com
233,PRISCILA, CANO, FERNÁNDEZ,Xochimilco,XOLOTL ,316,34260,Dirección General de Administración Escolar: Registro de Aspirantes,t,11:37 AM,7:15 PM,/home/fotos/foto3257.jpg,51520192,5567027847,nditt6g@fotki.com
234,BENITO, BENÍTEZ, FUENTES,Iztapalapa,SN.MARCOS Y LAS AMERICAS ,486,34960,Zona Comercial y Gaceta UNAM,t,9:19 AM,8:21 PM,/home/fotos/foto2013.jpg,24166242,5525058535,eourtic6h@alibaba.com
235,JACOBO, DÍEZ, JIMÉNEZ,Álvaro Obregón,PEDRO AGUIRRE CERDA ,129,65446,Facultad de Odontología,t,12:47 PM,8:32 PM,/home/fotos/foto6948.jpg,26337451,5558232091,mbonn6i@cloudflare.com
236,LUIS, HIDALGO, CASTRO,Benito Juárez,DR ARCE ,17,33150,Dirección General de Personal,a,10:07 AM,7:15 PM,/home/fotos/foto7279.jpg,51227996,5592583360,lmccandie6j@nba.com
237,GERARDO, PEÑA, PÉREZ,Iztacalco,LIBERTAD ,235,92799,Centro de Enseñanza de Lenguas Extranjeras,t,1:31 PM,8:57 PM,/home/fotos/foto0592.jpg,66730780,5541814773,cfullagar6k@rakuten.co.jp
238,VENANCIO, VIDAL, REYES,Miguel Hidalgo,MONTE DE PIEDAD ,375,35038,Dirección General de Publicaciones y Fomento Editorial,a,12:08 PM,8:43 PM,/home/fotos/foto9257.jpg,01080822,5544157676,mrigby6l@nih.gov
239,VICTORIA, MORALES, GUTIÉRREZ,Tlalpan,AGUILAS ,302,80407,Instituto de Investigaciones en Matemáticas Aplicadas y Sistemas,e,7:47 AM,7:32 PM,/home/fotos/foto7561.jpg,76225189,5599120344,tmcgeorge6m@flickr.com
240,NIEVES, MÁRQUEZ, VEGA,Álvaro Obregón,HUITZILIN ,307,53303,Facultad de Derecho,e,9:01 AM,8:41 PM,/home/fotos/foto7327.jpg,06930150,5542290082,efrankowski6n@infoseek.co.jp
241,IRENEO, ÁLVAREZ, PASTOR,Tlalpan,GUERRERO ,407,42595,Dirección General de Cómputo y de Tecnologías de Información y Comunicación: Oficinas en Zona Cultural,t,1:43 PM,7:20 PM,/home/fotos/foto7358.jpg,06395665,5523625667,emelloy6o@acquirethisname.com
242,OSCAR, MOLINA, ROMERO,Gustavo A. Madero,CALLE 4 ,489,54629,Instituto de Investigaciones Antropológicas,t,10:41 AM,7:43 PM,/home/fotos/foto5593.jpg,62049494,5591605741,dwimbridge6p@scribd.com
243,CARMEN, FERRER, SANZ,Benito Juárez,SANTA ANA ,65,41821,Facultad de Química: Posgrado de Química,a,8:48 AM,8:19 PM,/home/fotos/foto3629.jpg,51261441,5546203426,adowty6q@chron.com
244,CIRO, PÉREZ, LORENZO,Cuajimalpa de Morelos,PROL DE GUADALUPE Y RAMIREZ ,476,03545,Instituto de Geografía,a,7:38 AM,8:30 PM,/home/fotos/foto8530.jpg,17251378,5507390929,kkaasmann6r@disqus.com
245,ALFONSO, FLORES, MARTÍN,Cuauhtémoc,CRUCES ,387,50068,DGDU: Frontón Cerrado,t,11:39 AM,7:52 PM,/home/fotos/foto4027.jpg,65518182,5508612215,hfeatherstonehaugh6s@state.tx.us
246,RICARDO, PASCUAL, CABALLERO,Tláhuac,C. JOSE FRANCISCO RUIZ MASSIEU ,432,93442,Bodegas de Artes Visuales y Teatro,e,9:03 AM,7:02 PM,/home/fotos/foto5282.jpg,45242630,5561086005,cbatchellor6t@state.gov
247,OSCAR, PARRA, ARIAS,Benito Juárez,4A. CERRADA DE PEDRO MA. ANAYA ,136,98313,Dirección General de Televisión Universitaria,a,10:48 AM,7:21 PM,/home/fotos/foto9207.jpg,40318914,5537393720,mstair6u@sciencedirect.com
248,SANDRA, BLANCO, JIMÉNEZ,Miguel Hidalgo,DR. JOSE G. PARRES ,339,82947,Tienda Puma,a,7:23 AM,7:25 PM,/home/fotos/foto3597.jpg,35333310,5548481361,sbelitz6v@nytimes.com
249,VICTORINO, GIL, FERRER,Azcapotzalco,MIGUEL ALEMAN ,45,21703,Instituto de Geofísica: Laboratorio de Análisis de Núcleos de Perforación,a,8:44 AM,7:46 PM,/home/fotos/foto5393.jpg,69374903,5599143628,ccaldroni6w@qq.com
250,COLUMBA, CAMPOS, SANTOS,Azcapotzalco,EJIDO MAGDALENA PETLACALCO ,484,16839,Instituto de Ecología,t,7:51 AM,8:15 PM,/home/fotos/foto4648.jpg,44720770,5583373577,fwareing6x@weibo.com
251,ANTONIA, MORA, FUENTES,Venustiano Carranza,PIEDRAS NEGRAS ,313,01262,Facultad de Derecho,t,10:22 AM,7:05 PM,/home/fotos/foto1354.jpg,54695963,5523764214,eissett6y@kickstarter.com
252,ENCARNACIÓN, MARTÍN, CRESPO,Milpa Alta,1A CDA DE OLIVOS ,79,85388,Dirección General de Cómputo y de Tecnologías de Información y Comunicación: Oficinas en Zona Cultural,t,8:05 AM,8:51 PM,/home/fotos/foto9712.jpg,50864843,5552870836,dgasken6z@spotify.com
253,LORENZO, JIMÉNEZ, ROMÁN,Milpa Alta,CALVARIO ,208,19680,Instituto de Física,t,7:17 AM,7:56 PM,/home/fotos/foto6491.jpg,31038423,5556901744,jbraund70@altervista.org
254,OSWALDO, MOLINA, VELASCO,Cuajimalpa de Morelos,MIGUEL ALEMAN ,209,52725,Facultad de Filosofía y Letras: Anexo,a,8:48 AM,8:19 PM,/home/fotos/foto0284.jpg,45311865,5582190275,mlearmont71@samsung.com
255,AMELIA, DURÁN, MORALES,Cuauhtémoc,MACEDONIO ALCALA ,85,42430,Instituto de Ecología: Laboratorio Nacional de las Ciencias de la Sostenibilidad (LANCIS),e,12:04 PM,8:22 PM,/home/fotos/foto8569.jpg,21832726,5574520021,mquartermaine72@csmonitor.com
256,MARCIANO, MARÍN, SOTO,Venustiano Carranza,GUERRILLERA ,142,96583,Dirección General de Actividades Cinematográficas: Acervo Bibliográfico y Bóvedas de Nitratos,e,11:41 AM,7:17 PM,/home/fotos/foto2136.jpg,60946180,5543898904,tjohannes73@springer.com
257,ANTERO, GIL, MORALES,Tlalpan,NUEVA YORK ,6,83232,Dirección General de Cómputo y de Tecnologías de Información y Comunicación: Oficinas en Zona Cultural,a,12:44 PM,8:51 PM,/home/fotos/foto1213.jpg,27346181,5583396998,fflipsen74@gov.uk
258,REMEDIOS, VÁZQUEZ, MUÑOZ,Azcapotzalco,4A. CERRADA DE PEDRO MA. ANAYA ,441,00084,Facultad de Economía: División de Estudios de Posgrado,e,11:41 AM,8:33 PM,/home/fotos/foto9266.jpg,02746675,5590460313,rgladwin75@google.co.jp
259,FABIOLA, NIETO, CRESPO,Miguel Hidalgo,JORGE WASHINGTON ,417,31108,Bicicentro,e,1:08 PM,7:10 PM,/home/fotos/foto7972.jpg,87687449,5560460085,stattersall76@google.com.hk
260,CONSTANTINO, MOYA, REY,Xochimilco,MANUEL ESPERON ,172,44470,DGDU: Canchas Deportivas,a,11:49 AM,8:32 PM,/home/fotos/foto9502.jpg,77438294,5514316990,mclute77@arizona.edu
261,MONTSERRAT, FLORES, CORTÉS,Iztacalco,CERRO DE LOS GAVILANES ,217,36189,Coordinación de la Investigación en Humanidades: Biblioteca Nacional y Fondo Reservado,t,9:01 AM,7:39 PM,/home/fotos/foto6015.jpg,75394710,5580311054,fgrimsditch78@psu.edu
262,CONSUELO, ESTEBAN, ÁLVAREZ,Venustiano Carranza,ARCO IRIS ,38,95214,Facultad de Medicina: Centro de Investigación en Políticas: Población y Salud,e,8:37 AM,7:37 PM,/home/fotos/foto0352.jpg,65609035,5523799672,cscorton79@studiopress.com
263,PROBO, SANTIAGO, HERRERA,Álvaro Obregón,TORRES QUINTERO ,461,33782,Museo Universitario de Ciencias y Arte (MUCA),e,7:54 AM,8:22 PM,/home/fotos/foto9060.jpg,09276848,5536881304,slegh7a@illinois.edu
264,MÓNICA, FUENTES, FLORES,Miguel Hidalgo,EXCONVENTO DE CHURUBUSCO ,491,65987,Libreria Educal Universum,t,8:56 AM,7:04 PM,/home/fotos/foto4220.jpg,34367062,5540068898,zjura7b@forbes.com
265,CARMELO, SANTOS, ORTIZ,Álvaro Obregón,TENORIOS ,193,61683,Instituto de Investigaciones Biomédicas,a,11:18 AM,8:52 PM,/home/fotos/foto4443.jpg,90547559,5554014628,mgrabert7c@slate.com
266,NOELIA, HERNÁNDEZ, VICENTE,Cuauhtémoc,SANTA ANA ,318,70206,DGOC: Almacén de Construcción,t,9:04 AM,7:58 PM,/home/fotos/foto8720.jpg,72329988,5595407163,rburcher7d@blogtalkradio.com
267,VIRGILIO, HERRERA, CRESPO,Venustiano Carranza,CALLE PARROQUIA ,476,35783,Coordinación de la Investigación Científica,a,11:32 AM,8:21 PM,/home/fotos/foto5064.jpg,06178985,5530270921,malekseicik7e@bloglines.com
268,EDGAR, VICENTE, NIETO,Tláhuac,EDIF AGUAMIEL ,177,31786,DGOC: Planta de Tratamiento de Aguas Negras: Cerro del Agua,a,7:06 AM,7:04 PM,/home/fotos/foto0215.jpg,63566925,5524715027,bhuckell7f@infoseek.co.jp
269,PABLO, SOTO, BRAVO,Álvaro Obregón,TEJAMANIL ,451,85825,Facultad de Derecho: División de Educación a Distancia,e,10:34 AM,7:42 PM,/home/fotos/foto5484.jpg,29640536,5531397189,gingreda7g@youtu.be
270,VICTORINO, GIL, DELGADO,Iztapalapa,DURANGO ,130,36304,Facultad de Contaduría y Administración,a,7:58 AM,8:11 PM,/home/fotos/foto5662.jpg,26586156,5520926284,urainey7h@ow.ly
271,SONIA, RAMÍREZ, GUERRERO,Coyoacán,BARRIO DE SAN JOSÉ ,343,24788,Zona Comercial y Gaceta UNAM,e,1:34 PM,8:52 PM,/home/fotos/foto7983.jpg,93546286,5516398674,tlaxen7i@sciencedirect.com
272,REMEDIOS, GUTIÉRREZ, MOYA,Benito Juárez,NUEVO LEON ,298,18716,Dirección General de Orientación y Atención Educativa,e,7:20 AM,8:09 PM,/home/fotos/foto7183.jpg,45354950,5512194972,astollenberg7j@bloglovin.com
273,FULGENCIO, MONTORO, GIL,Azcapotzalco,CALLE 8 ,442,90138,DGDU: Frontón Cerrado,t,12:27 PM,8:22 PM,/home/fotos/foto9289.jpg,08490965,5570741854,pjehan7k@gravatar.com
274,REBECA, CRUZ, MARTÍNEZ,Miguel Hidalgo,MESETA ,360,06838,Dirección General de Personal,a,8:08 AM,7:53 PM,/home/fotos/foto6281.jpg,51872430,5578097677,aruncie7l@issuu.com
275,ADRIÁN, GONZÁLEZ, MOLINA,Tláhuac,AV. ERMITA ,33,35502,Dirección General del Colegio de Ciencias y Humanidades,a,12:21 PM,7:16 PM,/home/fotos/foto9012.jpg,58102035,5535090064,dharral7m@moonfruit.com
276,BORJA, MOYA, IGLESIAS,Benito Juárez,LAGO PATZCUARO ,169,80099,Dirección General de Evaluación Institucional,t,1:48 PM,8:14 PM,/home/fotos/foto1066.jpg,23106381,5527074264,alisamore7n@tinyurl.com
277,VICTORIA, GONZÁLEZ, JIMÉNEZ,Tlalpan,ALFONSO XIII ,159,60667,Facultad de Filosofía y Letras: Anexo,t,10:40 AM,7:22 PM,/home/fotos/foto5367.jpg,11531181,5592027676,gkisar7o@prweb.com
278,AMPARO, DOMÍNGUEZ, LÓPEZ,Xochimilco,JESUS GARCIA MORALES ,188,99259,Facultad de Filosofía y Letras: Observatorio Meteorológico del Colegio de Geografía,e,1:26 PM,9:00 PM,/home/fotos/foto3428.jpg,51579386,5568924428,gduligal7p@ameblo.jp
279,OSWALDO, SUÁREZ, ORTIZ,Azcapotzalco,LLUVIA ,416,43422,Facultad de Contaduría y Administración,a,12:40 PM,7:47 PM,/home/fotos/foto8231.jpg,87751929,5536622575,felcombe7q@stanford.edu
280,PANCRACIO, SÁNCHEZ, GALLARDO,Gustavo A. Madero,JESUS GARCIA MORALES ,375,35684,Centro Nacional de Prevención de Desastres (CENAPRED),e,12:24 PM,7:17 PM,/home/fotos/foto9658.jpg,85947979,5595602781,wmeynell7r@dailymotion.com
281,MARIO, BRAVO, MÉNDEZ,Venustiano Carranza,ORQUIDEA ,217,33930,Centro de Desarrollo Infantil - CENDI,t,8:23 AM,8:48 PM,/home/fotos/foto8920.jpg,21483542,5527845563,mbroadwell7s@live.com
282,FRANCESC, GIMÉNEZ, LÓPEZ,Tlalpan,UNIDAD HABITACIONAL MILITAR ,428,55217,Centro de Desarrollo Infantil - CENDI,e,12:07 PM,7:20 PM,/home/fotos/foto2185.jpg,56947724,5513956040,rstephenson7t@wiley.com
283,HUGO, MONTORO, RODRÍGUEZ,Benito Juárez,PONIENTE 22 ,344,97017,Facultad de Filosofía y Letras: Torre I de Humanidades,t,9:54 AM,8:33 PM,/home/fotos/foto4089.jpg,67912010,5505823776,awasylkiewicz7u@latimes.com
284,NICOMEDES, ROMÁN, DELGADO,Tláhuac,FRANCISCO JAVIER MINA ,192,94195,Facultad de Química: Posgrado de Química,a,10:37 AM,7:58 PM,/home/fotos/foto4575.jpg,02038988,5558599514,hsumnall7v@phpbb.com
285,ARÁNZAZU, AGUILAR, VARGAS,Magdalena Contreras,16 DE SEPTIEMBRE ,415,29181,Instituto de Geofísica: Laboratorio de Análisis de Núcleos de Perforación,t,7:47 AM,8:16 PM,/home/fotos/foto0351.jpg,18482652,5539905115,pbordis7w@newsvine.com
286,SONIA, MONTORO, BLANCO,Álvaro Obregón,CRUZ VERDE ,491,39417,Facultad de Química: Posgrado de Química,e,11:02 AM,8:27 PM,/home/fotos/foto5082.jpg,02812774,5576078798,atolomelli7x@tinyurl.com
287,PATRICIO, GALLARDO, MÉNDEZ,Tláhuac,BOSQUES DE FELIPE ,199,32935,Centro de Ciencias de la Atmósfera,t,10:06 AM,8:06 PM,/home/fotos/foto9893.jpg,90912085,5541759628,dhowitt7y@cpanel.net
288,ARTURO, MARTÍNEZ, GIL,Álvaro Obregón,CDA. MANZANO ,161,24572,Facultad de Química: Conjunto E,t,1:38 PM,7:45 PM,/home/fotos/foto8909.jpg,57549587,5542458922,fraithbie7z@amazon.co.jp
289,RAMÓN, HERNÁNDEZ, BLANCO,Gustavo A. Madero,AVENIDA POLVORA ,348,90365,Instituto de Química,t,1:50 PM,7:10 PM,/home/fotos/foto5406.jpg,07658741,5548794470,lchittie80@youtu.be
290,BALDOMERO, SÁNCHEZ, SOTO,Tlalpan,FERRARA ,317,56145,Instituto de Biología: Invernadero Manuel Ruiz Oronoz,t,10:15 AM,8:49 PM,/home/fotos/foto9973.jpg,80809660,5512673095,acicchelli81@disqus.com
291,VICENTE, REY, PARRA,Tláhuac,PINO ,204,57240,Hospital Veterinario UNAM-Banfield,a,9:54 AM,8:54 PM,/home/fotos/foto8128.jpg,25705182,5567114682,mtorre82@icq.com
292,ANASTASIA, ROMÁN, JIMÉNEZ,Iztapalapa,CIR.JOSEFA ORTIZ ,289,04407,Facultad de Arquitectura,t,7:44 AM,8:16 PM,/home/fotos/foto6243.jpg,41959047,5554238171,nduddy83@dailymotion.com
293,GUSTAVO, SOTO, ESTEBAN,Venustiano Carranza,FRANCISCO LEIVA ,364,26416,Coordinación de Universidad Abierta y Educación a Distancia,a,11:55 AM,8:07 PM,/home/fotos/foto1752.jpg,96453637,5539090015,erable84@last.fm
294,ROGELIO, VELASCO, MOLINA,Iztacalco,CDA. MANZANO ,15,43575,Bodegas de Artes Visuales y Teatro,a,11:01 AM,8:40 PM,/home/fotos/foto3371.jpg,31254081,5532949796,odoget85@ameblo.jp
295,CIPRIANO, FLORES, VARGAS,Cuauhtémoc,ORQUIDEA ,475,29863,Centro de Ciencias Aplicadas y Desarrollo Tecnológico,t,12:39 PM,7:00 PM,/home/fotos/foto4385.jpg,74004088,5512448307,sscoffins86@cnn.com
296,TOBÍAS, FERRER, ORTEGA,Xochimilco,CARRETERA COSTERA ,52,29475,Facultad de Medicina,t,12:28 PM,7:10 PM,/home/fotos/foto6070.jpg,12726163,5594382010,btaaffe87@apple.com
297,PILAR, BLANCO, MORENO,Iztapalapa,BATALLA DE CALPULALPAN ,55,89542,Centro Cultural Universitario: Sala de Conciertos Nezahualcóyotl,t,11:28 AM,8:41 PM,/home/fotos/foto7392.jpg,64064784,5527170336,sthomel88@twitter.com
298,ISAÍAS, REY, VÁZQUEZ,Venustiano Carranza,PRIVADA EXHACIENDA DE LA ESCALERA ,99,38248,Dirección General de Bibliotecas: Anexo Biblioteca Central,t,12:33 PM,8:09 PM,/home/fotos/foto1496.jpg,63657098,5572025362,kbrame89@ucla.edu
299,GERTRUDIS, PEÑA, DURÁN,Álvaro Obregón,AV. TOLUCA ,401,11937,Facultad de Ingeniería: División de Estudios de Posgrado,t,8:12 AM,7:38 PM,/home/fotos/foto9592.jpg,28616822,5550045480,gharcombe8a@paginegialle.it
300,AQUILES, HERRERA, GÓMEZ,Milpa Alta,OLIVO ,43,36674,Dirección General de Evaluación Institucional,e,11:04 AM,8:41 PM,/home/fotos/foto4429.jpg,17929052,5580052533,lorgill8b@businessinsider.com
