12,EZKHHV14
26,TIEJG1VV
90,G84O86K6
40,IH776VM6
42,TXEV64YX
28,Y3L31C18
76,W3443TE5
35,R5V5BNMF
96,GYMA6DT5
44,DZYW1HW9
9,HHJD8ZRD
9,XZ3F3K96
99,RWPTI6LA
74,M221739X
54,R5V5BNMF
78,C4M7RYT5
71,R900Z5T0
6,PZZ1449T
55,QP78W194
14,EZKHHV14
11,ZA0EGN20
41,KDMK79D5
97,YMXYQU0P
77,CANAR7J0
30,TIEJG1VV
4,KW2DHUI5
81,TIEJG1VV
77,M221739X
83,SMZGG44P
9,B0455B46
11,S4U1EIA6
99,PZZ1449T
9,C9C91B0D
67,CANAR7J0
16,R900Z5T0
52,LU11N645
86,TKTO813P
21,QP78W194
2,U987SI42
11,WW59DL02
33,PZZ1449T
59,TKTO813P
24,LN6U69Z6
11,C9C91B0D
96,I2EPC281
17,RWPTI6LA
75,K0F90INC
77,U15T3B58
6,K0F90INC
43,M221739X
73,IU48BR6G
72,Y9J02PVL
71,WW59DL02
55,U15T3B58
46,Y7GX6X3Y
93,KDMK79D5
66,ZA0EGN20
60,N1AKJ8P5
50,W3443TE5
9,UX8N109O
97,OUUKAYY6
91,U588U7NL
88,YK7P7I99
31,KW2DHUI5
78,R900Z5T0
57,R900Z5T0
64,N44Q741F
63,QP78W194
66,ZNE2S15V
9,I7S6CY55
36,KDMK79D5
57,XZ3F3K96
40,KW2DHUI5
50,K0F90INC
54,H5WI3AD1
3,TXEV64YX
38,ZT629SN7
76,N1AKJ8P5
37,JN24S7HA
42,B7J9330W
3,Q3U08259
3,S3Y181RS
43,Y7GX6X3Y
68,RL1F1900
4,I2EPC281
16,T69K9A18
95,SSOZVHVC
1,WW59DL02
18,II1530HN
74,HBFWP7QQ
31,B7J9330W
86,II1530HN
84,N1AKJ8P5
42,D7HKXA7A
1,ZNE2S15V
32,TKTO813P
95,XO5EER3A
20,XZ3F3K96
3,GYMA6DT5
66,RA630MC2
72,U15T3B58
16,II1530HN
12,WW59DL02
28,RTH1CKX8
75,J76D1KXN
67,DZYW1HW9
12,P5QS1G7H
44,C9C91B0D
82,S4U1EIA6
15,RTH1CKX8
86,U15T3B58
7,UX8N109O
84,RA630MC2
41,T69K9A18
24,W3443TE5
9,P5QS1G7H
9,LU11N645
30,S3Y181RS
21,RWPTI6LA
94,TIEJG1VV
44,J76D1KXN
4,RTH1CKX8
87,BFU3612O
99,Y3L31C18
71,K0F90INC
20,H5WI3AD1
70,XZ3F3K96
29,T69K9A18
60,PZZ1449T
3,I7S6CY55
63,XZ3F3K96
15,KDMK79D5
56,CANAR7J0
8,XZ3F3K96
58,II1530HN
85,W29FF1ME
2,XO5EER3A
67,Y9J02PVL
88,RWPTI6LA
67,EX7Z0O96
48,A1Z0OX83
68,GOC5ZI3H
54,UX8N109O
98,ZA6LC3PQ
23,G84O86K6
24,W29FF1ME
79,EZKHHV14
12,GYMA6DT5
82,U588U7NL
33,W29FF1ME
54,KW2DHUI5
16,DZYW1HW9
8,QP78W194
28,HHJD8ZRD
59,YMXYQU0P
53,J3J343OM
91,YMXYQU0P
26,TXEV64YX
76,RTH1CKX8
98,EX7Z0O96
61,GOC5ZI3H
25,HHJD8ZRD
13,Y3L31C18
35,BFU3612O
3,ZT629SN7
24,YMXYQU0P
90,XO5EER3A
23,QCO75924
93,Y3L31C18
91,OUUKAYY6
65,TIEJG1VV
43,LN6U69Z6
19,B7J9330W
23,KW2DHUI5
4,MP166CKE
36,MP166CKE
1,TKTO813P
10,CA6A5KC2
40,QCO75924
1,RTH1CKX8
35,ZNE2S15V
97,QCO75924
20,SMZGG44P
80,ZNE2S15V
87,R900Z5T0
95,CA6A5KC2
64,I7S6CY55
17,J3J343OM
16,U987SI42
47,N1AKJ8P5
64,J3J343OM
4,ZA0EGN20
79,TXEV64YX
18,GOC5ZI3H
21,TKTO813P
56,GOC5ZI3H
96,H5WI3AD1
27,H5WI3AD1
21,DZYW1HW9
64,C4M7RYT5
17,XO5EER3A
41,II1530HN
94,U15T3B58
3,WW59DL02
9,IU48BR6G
79,RWPTI6LA
75,XZ3F3K96
26,EZKHHV14
48,I2EPC281
36,TKTO813P
36,W3443TE5
1,RWPTI6LA
65,B0455B46
8,W29FF1ME
53,I2EPC281
1,EX7Z0O96
89,G84O86K6
3,Y3L31C18
65,Y7GX6X3Y
53,TIEJG1VV
2,C9C91B0D
62,IU48BR6G
15,SSOZVHVC
43,CANAR7J0
71,Y9J02PVL
12,KW2DHUI5
4,RA630MC2
38,B9NX9PQ8
47,T69K9A18
55,KDMK79D5
67,P5QS1G7H
41,SMZGG44P
67,RA630MC2
17,UX8N109O
11,OUUKAYY6
51,ZNE2S15V
58,Y7GX6X3Y
96,ZA6LC3PQ
15,ZNE2S15V
53,U987SI42
45,C9C91B0D
46,RL1F1900
76,T69K9A18
42,KW2DHUI5
72,U588U7NL
32,R900Z5T0
94,S3Y181RS
21,T69K9A18
52,C9C91B0D
55,EZKHHV14
44,PZZ1449T
20,GYMA6DT5
91,C9C91B0D
98,S3Y181RS
69,QP78W194
55,UX8N109O
42,C9C91B0D
17,EX7Z0O96
74,Y7GX6X3Y
91,Y7GX6X3Y
34,B9NX9PQ8
26,DZYW1HW9
88,HHJD8ZRD
5,R900Z5T0
44,U588U7NL
14,B0455B46
14,PZZ1449T
98,QP78W194
32,R5V5BNMF
33,IH776VM6
64,Y7GX6X3Y
73,XZ3F3K96
57,GOC5ZI3H
12,JN24S7HA
1,C4M7RYT5
16,KW2DHUI5
92,W3443TE5
44,A1Z0OX83
64,H5WI3AD1
74,M221739X
90,IH776VM6
10,TKTO813P
13,TKTO813P
59,R5V5BNMF
45,OUUKAYY6
26,DZYW1HW9
52,RWPTI6LA
4,XO5EER3A
2,U987SI42
85,Q3U08259
46,B9NX9PQ8
45,YK7P7I99
12,D7HKXA7A
72,N44Q741F
84,RL1F1900
17,YK7P7I99
78,EZKHHV14
72,G84O86K6
81,B9NX9PQ8
80,I2EPC281
